1,Blenkinsop, Friedrich,fblenkinsop0@quantcast.com,80.65.194.221
3,Prahl, Ronalda,rprahl2@fc2.com,160.210.79.8
4,Learmouth, Brigitte,blearmouth3@howstuffworks.com,208.150.233.49
5,Habble, Merell,mhabble4@vinaora.com,114.42.13.7
7,Swannell, Yovonnda,yswannell6@desdev.cn,153.28.228.131
9,Seamer, Garald,gseamer8@accuweather.com,12.58.19.4
10,Torry, Eadith,etorry9@narod.ru,37.128.105.129
11,Ancell, Foss,fancella@skyrock.com,40.192.69.16
12,Eustis, Etheline,eeustisb@posterous.com,125.219.246.83
13,Penzer, Alfonso,apenzerc@youtu.be,244.159.212.71
14,Harston, Hannah,hharstond@usda.gov,127.240.148.43
15,Bussell, Eugene,ebusselle@cam.ac.uk,53.10.194.236
16,Abrahim, Melany,mabrahimf@posterous.com,52.44.108.17
17,Ruprechter, Garrot,gruprechterg@google.com.br,38.250.132.255
18,Dockrill, Karoline,kdockrillh@blogspot.com,91.26.44.165
19,Godman, Kelby,kgodmani@ask.com,227.108.65.174
20,Winyard, Jaine,jwinyardj@delicious.com,173.75.39.131
21,Siemon, Blake,bsiemonk@amazon.co.jp,106.172.72.168
22,Volet, Luce,lvoletl@tamu.edu,31.191.27.8
23,Nunns, Angel,anunnsm@paypal.com,131.196.213.49
24,Barnewelle, Georgina,gbarnewellen@bloomberg.com,178.141.255.39
25,Bleasdille, Stavros,sbleasdilleo@sun.com,42.56.237.210
27,Wale, Ali,awaleq@icq.com,77.186.154.243
29,Southerell, Arv,asoutherells@nyu.edu,98.215.57.218
30,Lavender, Merridie,mlavendert@blogs.com,218.28.254.235
31,Meininger, Cory,cmeiningeru@ted.com,118.222.217.219
33,Ingledew, Klara,kingledeww@usda.gov,221.182.46.83
35,Spain-Gower, Joelle,jspaingowery@bandcamp.com,112.99.123.45
37,Gronauer, Donia,dgronauer10@istockphoto.com,20.169.152.7
38,Allwood, Eydie,eallwood11@typepad.com,227.97.193.218
39,Cuschieri, Karoline,kcuschieri12@sina.com.cn,79.116.107.95
40,Carff, Adorne,acarff13@alexa.com,80.103.40.72
41,Minchinden, Moll,mminchinden14@smh.com.au,30.196.134.89
43,Lofts, Sofia,slofts16@google.ru,47.176.0.138
44,Shawcross, Zonnya,zshawcross17@ed.gov,13.52.7.52
45,Girardin, Klara,kgirardin18@goo.ne.jp,177.49.229.225
47,Denver, Myrtie,mdenver1a@twitpic.com,162.204.173.160
49,Gresham, Abdul,agresham1c@discuz.net,188.205.61.29
50,Pleavin, Frederica,fpleavin1d@barnesandnoble.com,133.221.253.185
51,Rendle, Emyle,erendle1e@twitter.com,157.168.166.182
52,Scalera, Carmine,cscalera1f@state.gov,193.27.249.90
53,Mockford, Jamison,jmockford1g@prnewswire.com,193.15.199.159
54,Devas, Liliane,ldevas1h@facebook.com,182.52.49.118
55,Taaffe, Lionello,ltaaffe1i@stumbleupon.com,44.106.180.135
57,Witul, Shalom,switul1k@networksolutions.com,129.249.177.35
59,Atto, Gage,gatto1m@artisteer.com,209.111.14.70
60,Cudworth, Marielle,mcudworth1n@goo.gl,175.107.5.185
61,Mathwin, Brocky,bmathwin1o@chicagotribune.com,196.59.231.25
62,Walesa, Zorina,zwalesa1p@illinois.edu,128.73.210.45
63,Ambage, Malina,mambage1q@elegantthemes.com,26.73.202.60
65,Torbeck, Bobby,btorbeck1s@nature.com,119.158.40.59
67,Walter, Rocky,rwalter1u@dmoz.org,117.253.241.77
69,Meachan, Nappy,nmeachan1w@digg.com,205.146.248.37
71,Stollery, Russell,rstollery1y@oakley.com,212.221.133.45
72,Farnish, Briney,bfarnish1z@ehow.com,238.48.84.128
73,Cowthard, Cullan,ccowthard20@w3.org,148.199.124.226
74,Lawlance, Nedi,nlawlance21@indiatimes.com,228.106.116.149
75,Timbs, Cazzie,ctimbs22@buzzfeed.com,134.86.67.77
77,Potkins, Harmony,hpotkins24@slate.com,116.4.123.221
78,Keller, Ange,akeller25@gravatar.com,51.198.189.70
79,Gradwell, Rogerio,rgradwell26@bigcartel.com,108.178.42.47
80,Wintringham, Marquita,mwintringham27@who.int,193.201.236.31
81,Galia, Davidson,dgalia28@google.fr,205.57.253.130
83,Ross, Sayre,sross2a@narod.ru,64.0.98.217
85,Bagguley, Marlo,mbagguley2c@vk.com,197.173.135.165
86,Raft, Tammara,traft2d@shinystat.com,23.172.193.63
87,Wingrove, Noami,nwingrove2e@yale.edu,61.181.125.90
88,Quibell, Gianna,gquibell2f@umn.edu,179.129.168.188
89,Renols, Germana,grenols2g@wunderground.com,85.50.78.57
91,Slowan, Evan,eslowan2i@va.gov,248.212.246.247
93,Custance, Hadlee,hcustance2k@princeton.edu,193.146.99.243
94,Haseley, Elizabeth,ehaseley2l@squarespace.com,43.68.245.208
95,Conachie, Easter,econachie2m@tripadvisor.com,69.8.165.91
96,Barszczewski, Lorrin,lbarszczewski2n@meetup.com,63.98.242.57
97,Secretan, Francisco,fsecretan2o@360.cn,15.156.112.62
98,Crackel, Jeramey,jcrackel2p@amazon.co.jp,184.246.7.214
99,Pinck, Norri,npinck2q@over-blog.com,248.57.140.84
100,Caplin, Jodie,jcaplin2r@last.fm,44.13.29.108
