id,first_name,last_name,email,gender,ip_address
1101,Emyle,Loughead,eloughead0@bbb.org,Female,40.140.16.214
1102,Leslie,Treneer,ltreneer1@cpanel.net,Genderqueer,219.130.134.221
1103,Ailis,Bitterton,abitterton2@uiuc.edu,Female,140.13.104.115
1104,Arni,Phizakarley,aphizakarley3@trellian.com,Male,133.161.184.233
1105,Darius,Lemmen,dlemmen4@list-manage.com,Male,71.17.139.200
1106,Zuzana,Schach,zschach5@alexa.com,Female,68.82.248.187
1107,Kylie,Tunnow,ktunnow6@nifty.com,Male,136.58.192.57
1108,Kelli,Senn,ksenn7@miitbeian.gov.cn,Female,161.172.97.241
1109,Timmie,Cutting,tcutting8@intel.com,Male,130.66.35.14
1110,Lilah,Mandry,lmandry9@imdb.com,Female,113.198.70.136
1111,Merwin,O'Halleghane,mohalleghanea@about.me,Male,131.203.27.13
1112,Tracy,Cuzen,tcuzenb@google.fr,Female,216.139.177.131
1113,Paton,Wavish,pwavishc@cdbaby.com,Male,1.49.17.40
1114,Jamima,Welfair,jwelfaird@feedburner.com,Female,92.239.14.185
1115,Farrell,Chace,fchacee@chron.com,Male,114.227.142.157
1116,Lenora,Creeboe,lcreeboef@digg.com,Female,50.70.52.33
1117,Rozina,Growden,rgrowdeng@msn.com,Female,10.53.249.168
1118,Phebe,Gawthrop,pgawthroph@domainmarket.com,Female,54.139.84.190
1119,Benyamin,Ouldcott,bouldcotti@123-reg.co.uk,Male,87.250.90.88
1120,Natividad,Petty,npettyj@jigsy.com,Female,28.69.9.5
1121,Rois,Chennells,rchennellsk@g.co,Female,42.83.146.254
1122,Germana,Stow,gstowl@google.pl,Female,156.21.214.126
1123,Deana,Kmietsch,dkmietschm@woothemes.com,Polygender,176.254.149.171
1124,Tanner,Bracci,tbraccin@economist.com,Male,199.236.57.214
1125,Rani,Blasli,rblaslio@pcworld.com,Female,203.68.149.176
1126,Keen,Pactat,kpactatp@cmu.edu,Male,177.38.89.126
1127,Clio,Blackie,cblackieq@china.com.cn,Female,32.24.157.128
1128,Maxy,Martschik,mmartschikr@xing.com,Male,255.64.17.110
1129,Blake,Marin,bmarins@ezinearticles.com,Female,169.160.204.25
1130,Adan,Benoix,abenoixt@kickstarter.com,Male,226.151.142.88
1131,Betti,Trippett,btrippettu@mtv.com,Female,150.133.108.197
1132,Ainslee,Brendeke,abrendekev@accuweather.com,Female,125.149.255.127
1133,Waylon,Brewett,wbrewettw@nasa.gov,Male,193.250.25.179
1134,Wadsworth,Plastow,wplastowx@msn.com,Male,57.168.122.85
1135,Bo,Showering,bshoweringy@flavors.me,Male,40.40.11.133
1136,Flint,Gouldstraw,fgouldstrawz@qq.com,Male,11.237.143.239
1137,Freda,McKeeman,fmckeeman10@pbs.org,Bigender,101.202.60.44
1138,Licha,Epsly,lepsly11@exblog.jp,Female,216.8.240.149
1139,Jonie,Guswell,jguswell12@senate.gov,Female,106.107.97.180
1140,Elinore,Stolting,estolting13@nsw.gov.au,Female,226.50.139.221
1141,Gerti,Maciak,gmaciak14@mac.com,Female,134.14.237.57
1142,Hammad,Lodeke,hlodeke15@foxnews.com,Male,187.14.20.217
1143,Shadow,Hickin,shickin16@yandex.ru,Male,137.147.167.92
1144,Robbyn,Urridge,rurridge17@google.com.au,Female,111.253.199.86
1145,Arda,Iowarch,aiowarch18@shutterfly.com,Female,93.126.154.40
1146,Cully,Brum,cbrum19@networkadvertising.org,Polygender,248.245.5.137
1147,Amaleta,Darter,adarter1a@baidu.com,Genderqueer,238.115.191.159
1148,Mariann,Duckhouse,mduckhouse1b@163.com,Female,120.28.87.165
1149,Talbert,Breissan,tbreissan1c@ebay.com,Male,194.247.149.65
1150,Colette,Chaster,cchaster1d@army.mil,Non-binary,244.183.114.196
1151,Clair,Baggarley,cbaggarley1e@jimdo.com,Male,186.255.40.226
1152,Mellisa,Lomond,mlomond1f@webmd.com,Female,245.245.13.242
1153,Linda,Mongain,lmongain1g@umn.edu,Female,29.111.234.113
1154,Yuri,Nevinson,ynevinson1h@va.gov,Male,45.94.192.210
1155,Bailey,Lownds,blownds1i@phpbb.com,Male,245.247.203.160
1156,Raffarty,Vinker,rvinker1j@opensource.org,Male,4.119.169.1
1157,Hercules,Jery,hjery1k@ft.com,Male,121.255.188.90
1158,Reuven,Baulch,rbaulch1l@about.com,Male,24.72.3.122
1159,Astrix,Arlott,aarlott1m@google.pl,Female,125.248.239.4
1160,Debee,Twitchett,dtwitchett1n@examiner.com,Female,131.243.49.95
1161,Brewer,Davidge,bdavidge1o@marriott.com,Bigender,206.221.194.4
1162,Perle,Zuan,pzuan1p@edublogs.org,Female,168.1.116.228
1163,Clarissa,Farquhar,cfarquhar1q@mediafire.com,Female,28.71.135.193
1164,Jamie,Thoresby,jthoresby1r@reuters.com,Female,114.143.144.247
1165,Rubin,Downgate,rdowngate1s@meetup.com,Male,60.237.135.12
1166,Raynor,Nilges,rnilges1t@purevolume.com,Male,231.62.219.248
1167,Jenni,Cham,jcham1u@irs.gov,Female,95.64.224.145
1168,Chris,Fibbitts,cfibbitts1v@vimeo.com,Female,27.7.170.47
1169,Rhea,Shildrake,rshildrake1w@techcrunch.com,Female,241.184.17.40
1170,Byron,Cluderay,bcluderay1x@si.edu,Male,157.105.169.36
1171,Carita,Iglesiaz,ciglesiaz1y@google.co.uk,Female,44.118.176.41
1172,Sam,Calwell,scalwell1z@yahoo.co.jp,Male,42.202.97.148
1173,Bald,Shimuk,bshimuk20@topsy.com,Male,41.254.125.76
1174,Horten,Normaville,hnormaville21@amazonaws.com,Male,138.52.241.191
1175,Genia,Melly,gmelly22@eepurl.com,Female,19.152.103.230
1176,Valentia,Outright,voutright23@netvibes.com,Female,34.89.225.57
1177,Ermentrude,Seemmonds,eseemmonds24@webnode.com,Female,46.53.140.105
1178,Alex,Ody,aody25@barnesandnoble.com,Male,128.12.75.121
1179,Ronni,Beceril,rbeceril26@shareasale.com,Female,109.226.186.202
1180,Cecil,Janeczek,cjaneczek27@google.nl,Male,83.48.131.3
1181,Bearnard,Coomber,bcoomber28@purevolume.com,Male,14.117.48.155
1182,Aguistin,Chezelle,achezelle29@shareasale.com,Male,106.218.5.43
1183,Monty,Bebb,mbebb2a@narod.ru,Male,251.26.72.222
1184,Zolly,Francais,zfrancais2b@vinaora.com,Male,205.6.221.46
1185,Olvan,Cogdon,ocogdon2c@google.es,Male,245.137.195.139
1186,Merrel,Joel,mjoel2d@drupal.org,Male,198.10.231.36
1187,Zeb,Beckey,zbeckey2e@thetimes.co.uk,Male,119.236.149.38
1188,Agustin,Brabbins,abrabbins2f@webnode.com,Male,239.216.250.28
1189,Wendie,Titchard,wtitchard2g@alibaba.com,Female,118.117.156.97
1190,Christiano,Follen,cfollen2h@themeforest.net,Male,29.142.28.240
1191,Nikaniki,Brandolini,nbrandolini2i@ca.gov,Female,163.132.231.197
1192,Lyman,Tredger,ltredger2j@digg.com,Male,183.138.3.138
1193,Wade,Glanert,wglanert2k@rediff.com,Male,110.129.147.215
1194,Kessia,Valdes,kvaldes2l@yale.edu,Female,226.111.121.13
1195,Garek,Lauder,glauder2m@furl.net,Male,12.200.46.203
1196,Almeria,Rash,arash2n@last.fm,Female,176.26.3.8
1197,Lannie,Wasmer,lwasmer2o@narod.ru,Male,122.19.248.67
1198,Joshua,Cumberpatch,jcumberpatch2p@webnode.com,Male,227.229.23.207
1199,Monti,Suggett,msuggett2q@usnews.com,Male,88.110.156.24
1200,Maryann,Barbey,mbarbey2r@sohu.com,Female,28.65.110.131
1201,Marybeth,Bracegirdle,mbracegirdle2s@google.com.au,Female,28.120.202.10
1202,Taite,Mounch,tmounch2t@mediafire.com,Male,119.103.3.128
1203,Luci,Cogzell,lcogzell2u@meetup.com,Female,17.73.25.158
1204,Keslie,Grundy,kgrundy2v@reference.com,Female,245.55.190.199
1205,Gayle,Midson,gmidson2w@cargocollective.com,Male,198.191.213.219
1206,Frasco,O'Roan,foroan2x@cdbaby.com,Male,205.196.227.251
1207,Ossie,Croall,ocroall2y@livejournal.com,Male,166.119.178.49
1208,Lennie,Codling,lcodling2z@discuz.net,Male,235.209.186.200
1209,Saloma,Hastings,shastings30@marriott.com,Genderfluid,170.57.137.25
1210,Carissa,Trussman,ctrussman31@wp.com,Female,37.169.105.199
1211,Massimiliano,Lenormand,mlenormand32@fema.gov,Male,159.167.13.186
1212,Mitchel,Pashe,mpashe33@illinois.edu,Male,96.130.94.204
1213,Aymer,Rabbe,arabbe34@illinois.edu,Male,115.215.255.181
1214,Rosalyn,Paxton,rpaxton35@yellowpages.com,Female,162.58.90.148
1215,Hubert,Baxster,hbaxster36@earthlink.net,Non-binary,59.230.20.175
1216,Xerxes,Schurig,xschurig37@naver.com,Male,105.169.26.37
1217,Phyllys,Larraway,plarraway38@state.tx.us,Female,37.32.223.65
1218,Kale,Matusevich,kmatusevich39@army.mil,Male,52.130.145.244
1219,Judith,Tineman,jtineman3a@eepurl.com,Female,208.71.124.78
1220,Lonee,Yarnton,lyarnton3b@zimbio.com,Female,21.234.215.208
1221,Lucien,Bruhn,lbruhn3c@pinterest.com,Polygender,11.53.86.128
1222,Sibylla,Bourchier,sbourchier3d@accuweather.com,Bigender,66.136.82.76
1223,Cosmo,Mildner,cmildner3e@answers.com,Male,237.64.186.41
1224,Delilah,Fairbrace,dfairbrace3f@bravesites.com,Non-binary,57.237.145.186
1225,Haley,Castledine,hcastledine3g@vkontakte.ru,Female,62.23.91.7
1226,Sallie,Patemore,spatemore3h@imageshack.us,Female,142.206.5.208
1227,Codi,Riccard,criccard3i@toplist.cz,Female,46.70.232.93
1228,Phillipe,Serotsky,pserotsky3j@wired.com,Male,121.222.165.33
1229,Berk,Keepin,bkeepin3k@blogtalkradio.com,Male,254.116.24.203
1230,Artemas,Portress,aportress3l@china.com.cn,Male,125.21.23.31
1231,Misti,Kiehnlt,mkiehnlt3m@marriott.com,Female,43.234.131.17
1232,Gilbertine,Allsep,gallsep3n@soundcloud.com,Female,154.9.240.189
1233,Kurtis,Spyvye,kspyvye3o@apache.org,Male,102.9.27.136
1234,Porter,Munson,pmunson3p@reference.com,Bigender,65.253.239.247
1235,Saxon,McCawley,smccawley3q@naver.com,Male,140.75.74.78
1236,Zackariah,Andreazzi,zandreazzi3r@google.ca,Male,195.94.120.96
1237,Ezmeralda,Gindghill,egindghill3s@tuttocitta.it,Female,125.204.23.238
1238,Odell,Mutlow,omutlow3t@simplemachines.org,Male,57.212.244.103
1239,Ryley,Antoszczyk,rantoszczyk3u@bing.com,Male,68.242.18.42
1240,Martainn,Dumberrill,mdumberrill3v@mlb.com,Male,122.209.42.99
1241,Mamie,Martinuzzi,mmartinuzzi3w@shutterfly.com,Female,227.145.65.140
1242,Isobel,Eplate,ieplate3x@unesco.org,Female,51.67.88.22
1243,Tremain,Wharrier,twharrier3y@disqus.com,Male,234.49.250.150
1244,Goraud,Gillbey,ggillbey3z@harvard.edu,Male,103.28.32.94
1245,Caprice,Yurikov,cyurikov40@berkeley.edu,Female,23.109.233.145
1246,Dunstan,Riccardi,driccardi41@ow.ly,Male,182.188.86.68
1247,Russell,Jeduch,rjeduch42@wikispaces.com,Male,251.48.74.80
1248,Denny,Crudginton,dcrudginton43@linkedin.com,Female,91.253.198.191
1249,Barry,Finnes,bfinnes44@altervista.org,Male,73.245.164.98
1250,Shirlene,Gerdts,sgerdts45@people.com.cn,Female,145.181.145.132
1251,Andy,O'Kerin,aokerin46@cocolog-nifty.com,Female,26.126.169.191
1252,Alistair,Pretious,apretious47@seesaa.net,Male,242.102.166.98
1253,Nerta,Andreichik,nandreichik48@virginia.edu,Female,241.95.73.129
1254,Bud,Heppenspall,bheppenspall49@psu.edu,Male,238.252.196.89
1255,Weider,Leyre,wleyre4a@google.de,Male,222.159.231.1
1256,Lissy,O'Donoghue,lodonoghue4b@stanford.edu,Female,92.224.148.60
1257,Lesli,Sjollema,lsjollema4c@slashdot.org,Female,191.161.28.109
1258,Thorny,Fearneley,tfearneley4d@arizona.edu,Male,157.162.209.126
1259,Padraig,Woodington,pwoodington4e@ted.com,Male,65.39.190.40
1260,Eugen,Meritt,emeritt4f@cargocollective.com,Male,47.104.128.127
1261,Leo,Paddington,lpaddington4g@wordpress.com,Male,194.241.189.216
1262,Troy,Cunradi,tcunradi4h@eepurl.com,Male,67.48.112.94
1263,Franciskus,Mayte,fmayte4i@oaic.gov.au,Male,195.49.231.90
1264,Thia,Witherbed,twitherbed4j@hp.com,Female,100.11.141.199
1265,Christoph,Brakewell,cbrakewell4k@ted.com,Male,178.148.206.193
1266,Boone,Eick,beick4l@hubpages.com,Male,99.250.9.136
1267,Nolly,Roberti,nroberti4m@wikipedia.org,Male,46.41.122.115
1268,Bailey,Ladloe,bladloe4n@liveinternet.ru,Male,159.171.100.211
1269,Sunshine,Niessen,sniessen4o@netlog.com,Non-binary,45.178.104.112
1270,Godart,Anwyl,ganwyl4p@imgur.com,Male,88.143.231.93
1271,Daniela,Bruton,dbruton4q@1und1.de,Female,221.67.143.58
1272,Colman,Wadlow,cwadlow4r@prnewswire.com,Male,251.75.111.241
1273,Stacey,Toby,stoby4s@shareasale.com,Female,238.132.210.129
1274,Orsola,Peasee,opeasee4t@seesaa.net,Female,217.149.38.77
1275,Xavier,Menary,xmenary4u@usa.gov,Male,20.8.121.209
1276,Fernande,Ormston,formston4v@psu.edu,Female,27.216.39.29
1277,Lida,Tickel,ltickel4w@ox.ac.uk,Female,36.212.129.41
1278,Nanine,Mirando,nmirando4x@desdev.cn,Female,78.60.205.162
1279,Haydon,Beton,hbeton4y@npr.org,Male,35.213.132.15
1280,Ardelle,Muzzullo,amuzzullo4z@twitter.com,Female,248.55.143.154
1281,Giacobo,Vinas,gvinas50@yahoo.com,Male,11.110.48.168
1282,Mathe,Mellody,mmellody51@wiley.com,Male,57.141.188.233
1283,Ninnetta,Sizeland,nsizeland52@themeforest.net,Female,40.141.55.53
1284,Carlie,Doxsey,cdoxsey53@census.gov,Male,41.177.117.7
1285,Serge,Mosedale,smosedale54@dot.gov,Male,58.63.179.168
1286,Boris,Bratton,bbratton55@howstuffworks.com,Male,19.45.15.5
1287,Carina,Lampens,clampens56@intel.com,Female,206.197.104.91
1288,Tersina,Pagan,tpagan57@symantec.com,Female,81.17.95.56
1289,Preston,Satterley,psatterley58@google.ru,Male,171.41.4.197
1290,Sybilla,Priter,spriter59@sfgate.com,Female,54.239.35.250
1291,Michel,Klimashevich,mklimashevich5a@ebay.co.uk,Male,228.255.243.204
1292,Finn,Lodeke,flodeke5b@liveinternet.ru,Male,102.53.187.54
1293,Brit,Ludee,bludee5c@cbc.ca,Female,252.199.22.93
1294,Rubin,Evetts,revetts5d@flickr.com,Male,5.204.69.245
1295,Steve,Haddock,shaddock5e@time.com,Male,165.134.156.201
1296,Tobin,Oxbury,toxbury5f@e-recht24.de,Male,78.82.174.198
1297,Justino,Knowller,jknowller5g@e-recht24.de,Male,44.65.255.146
1298,Harvey,Giamitti,hgiamitti5h@springer.com,Male,255.43.110.119
1299,Livy,Moffet,lmoffet5i@arizona.edu,Female,76.59.41.178
1300,Sollie,Rahl,srahl5j@aboutads.info,Genderqueer,103.196.219.183
1301,Domenic,Slight,dslight5k@zdnet.com,Bigender,193.103.184.163
1302,Kilian,Brecher,kbrecher5l@miitbeian.gov.cn,Male,181.2.32.134
1303,Thorin,Rushton,trushton5m@chron.com,Male,67.126.31.111
1304,Jojo,Dany,jdany5n@marriott.com,Female,87.198.196.162
1305,Lynnet,Rude,lrude5o@list-manage.com,Female,128.54.198.212
1306,Dunn,Lorenzetto,dlorenzetto5p@tmall.com,Male,245.233.80.53
1307,Maureene,Bazoche,mbazoche5q@walmart.com,Female,245.142.174.85
1308,Cassi,Rolstone,crolstone5r@bing.com,Female,239.165.130.253
1309,Dollie,Ledstone,dledstone5s@hao123.com,Female,9.187.146.212
1310,Beitris,Mordey,bmordey5t@nifty.com,Female,190.128.56.89
1311,Leeann,Vallentin,lvallentin5u@creativecommons.org,Female,247.255.171.112
1312,Ianthe,Welldrake,iwelldrake5v@icq.com,Female,97.58.153.90
1313,Delores,Steere,dsteere5w@bloglines.com,Female,161.188.9.187
1314,Cherrita,Riddoch,criddoch5x@senate.gov,Female,57.80.232.250
1315,Natty,Blamires,nblamires5y@dedecms.com,Genderqueer,186.192.235.168
1316,Colan,Woolrich,cwoolrich5z@technorati.com,Male,92.63.181.158
1317,Odie,Collen,ocollen60@storify.com,Male,166.124.241.140
1318,Emma,Lewens,elewens61@imdb.com,Female,140.34.30.216
1319,Thayne,Frankham,tfrankham62@behance.net,Male,142.39.123.243
1320,Mariejeanne,Coucha,mcoucha63@va.gov,Female,103.38.230.249
1321,Elena,McSkeagan,emcskeagan64@slate.com,Female,225.95.200.12
1322,Belia,Polleye,bpolleye65@nyu.edu,Genderqueer,180.44.37.133
1323,Claudius,Asif,casif66@trellian.com,Polygender,37.235.38.244
1324,Marcelo,Sprague,msprague67@printfriendly.com,Genderfluid,111.38.39.98
1325,Artus,Darley,adarley68@storify.com,Male,115.46.184.156
1326,Alfy,Gregorace,agregorace69@flickr.com,Male,63.133.227.53
1327,Ivie,Record,irecord6a@ow.ly,Female,6.219.213.52
1328,Verla,Fairtlough,vfairtlough6b@bizjournals.com,Female,9.35.235.164
1329,Bobbe,Meeland,bmeeland6c@devhub.com,Female,188.30.191.147
1330,Egbert,Deedes,edeedes6d@yahoo.co.jp,Male,80.48.206.100
1331,Nikita,Northfield,nnorthfield6e@infoseek.co.jp,Male,245.33.250.242
1332,Daffy,Tumber,dtumber6f@usnews.com,Female,89.255.138.141
1333,Regine,Phalp,rphalp6g@marketwatch.com,Female,113.166.18.212
1334,Hana,Dallemore,hdallemore6h@shop-pro.jp,Female,125.204.96.135
1335,Marlin,Prestige,mprestige6i@ycombinator.com,Male,240.181.50.69
1336,Alric,Curless,acurless6j@lulu.com,Genderfluid,192.67.238.174
1337,Judye,Curnok,jcurnok6k@omniture.com,Female,63.164.148.16
1338,Doy,Sangar,dsangar6l@who.int,Male,21.137.176.249
1339,Shoshana,Elliman,selliman6m@psu.edu,Polygender,54.92.104.8
1340,Eldon,Mebius,emebius6n@youtube.com,Male,146.193.75.152
1341,Bat,Hadkins,bhadkins6o@wufoo.com,Male,145.12.43.59
1342,Ambur,Gajewski,agajewski6p@stanford.edu,Female,239.145.25.50
1343,Alanson,Lung,alung6q@nasa.gov,Genderfluid,44.65.140.158
1344,Elladine,Colcutt,ecolcutt6r@washington.edu,Female,12.67.110.191
1345,Guilbert,Delia,gdelia6s@seesaa.net,Male,173.29.58.203
1346,Adam,Stutard,astutard6t@discovery.com,Male,236.68.131.177
1347,Justinian,Cutriss,jcutriss6u@zimbio.com,Male,71.183.32.10
1348,Paulie,Corrigan,pcorrigan6v@ted.com,Genderqueer,91.27.133.118
1349,Reilly,Cufley,rcufley6w@upenn.edu,Male,199.158.7.24
1350,Edvard,Portriss,eportriss6x@virginia.edu,Male,67.54.160.93
1351,Waite,Ship,wship6y@epa.gov,Genderqueer,166.13.147.66
1352,Kristal,Jurca,kjurca6z@ed.gov,Female,59.61.113.238
1353,Buck,Tomashov,btomashov70@ihg.com,Bigender,108.87.59.112
1354,Louella,Farmer,lfarmer71@ask.com,Female,82.188.215.99
1355,Laurene,Doody,ldoody72@huffingtonpost.com,Female,213.47.211.237
1356,Kendal,Hudspith,khudspith73@seesaa.net,Male,227.138.193.197
1357,Kirbie,Danielut,kdanielut74@who.int,Female,231.167.191.54
1358,Marquita,Petrus,mpetrus75@pagesperso-orange.fr,Female,148.38.32.90
1359,Tuck,Nias,tnias76@latimes.com,Male,238.67.60.36
1360,Cordie,Edden,cedden77@tiny.cc,Female,242.146.21.131
1361,Fidole,Attock,fattock78@gov.uk,Male,138.166.33.3
1362,Pattin,Fancutt,pfancutt79@myspace.com,Male,3.79.73.73
1363,Bartel,Bastiman,bbastiman7a@answers.com,Male,169.199.99.124
1364,Loraine,O'Lagen,lolagen7b@cpanel.net,Female,131.12.31.166
1365,Sigfrid,Lambell,slambell7c@example.com,Male,165.114.130.237
1366,Josey,Shreenan,jshreenan7d@wikimedia.org,Female,14.122.32.167
1367,Cayla,Janu,cjanu7e@ifeng.com,Genderfluid,64.221.192.203
1368,Juan,Pesak,jpesak7f@fastcompany.com,Male,174.127.215.229
1369,Jorie,Bellfield,jbellfield7g@weibo.com,Female,253.115.156.177
1370,Shermy,Loos,sloos7h@devhub.com,Male,198.233.154.192
1371,Leighton,Byne,lbyne7i@hostgator.com,Male,205.20.229.114
1372,Bastien,Lapides,blapides7j@jimdo.com,Male,48.66.212.115
1373,Paxton,Varren,pvarren7k@nba.com,Male,2.65.190.129
1374,Godard,Dykes,gdykes7l@xinhuanet.com,Male,121.70.133.37
1375,Mignon,Swatridge,mswatridge7m@netvibes.com,Female,98.217.175.223
1376,Tracee,Kelcher,tkelcher7n@163.com,Female,22.36.46.222
1377,Beau,Harbertson,bharbertson7o@businesswire.com,Male,126.20.207.202
1378,Ezequiel,Akred,eakred7p@yahoo.com,Male,235.17.53.155
1379,Karoline,Deek,kdeek7q@time.com,Female,215.176.126.110
1380,Catharine,Boomes,cboomes7r@rambler.ru,Female,73.166.17.6
1381,Egbert,Rodenburgh,erodenburgh7s@163.com,Male,76.141.38.87
1382,Madelyn,Thurlow,mthurlow7t@fc2.com,Female,212.93.52.192
1383,Misty,McElvine,mmcelvine7u@sciencedaily.com,Female,116.107.180.27
1384,Ferrel,Boyack,fboyack7v@marriott.com,Male,9.138.236.240
1385,Wilhelmina,Beacom,wbeacom7w@amazon.co.uk,Female,192.127.199.224
1386,Jermaine,Crookes,jcrookes7x@youtube.com,Female,187.123.117.112
1387,Blancha,Hargie,bhargie7y@techcrunch.com,Female,154.199.103.214
1388,Morly,Norville,mnorville7z@baidu.com,Non-binary,239.137.113.230
1389,Dudley,Mawhinney,dmawhinney80@usa.gov,Genderfluid,34.173.193.198
1390,Jillie,McKeevers,jmckeevers81@prnewswire.com,Female,10.45.246.142
1391,Terence,Mackneis,tmackneis82@nbcnews.com,Male,1.190.12.203
1392,Donall,Lissandrini,dlissandrini83@nifty.com,Genderfluid,110.146.16.104
1393,Aloin,McNerlin,amcnerlin84@admin.ch,Male,236.204.11.77
1394,Leila,Oneal,loneal85@jugem.jp,Female,42.223.208.160
1395,Cati,Folonin,cfolonin86@netlog.com,Female,70.30.40.48
1396,Gannie,Ghirigori,gghirigori87@angelfire.com,Male,169.226.246.209
1397,Margy,Beades,mbeades88@twitter.com,Female,87.167.120.50
1398,Brandise,Widdison,bwiddison89@tuttocitta.it,Female,156.141.240.113
1399,Carmencita,Moulster,cmoulster8a@samsung.com,Female,40.24.53.6
1400,Luis,Ksandra,lksandra8b@bravesites.com,Male,80.132.190.110
1401,Chrisy,Rivalland,crivalland8c@reverbnation.com,Male,116.55.190.43
1402,Cornela,Patten,cpatten8d@forbes.com,Female,142.108.229.169
1403,Mabel,Mascall,mmascall8e@cargocollective.com,Female,239.246.30.159
1404,Eloisa,Buye,ebuye8f@dagondesign.com,Polygender,68.183.196.196
1405,Paxton,Kimberley,pkimberley8g@baidu.com,Male,180.177.222.88
1406,Randall,Jowle,rjowle8h@pinterest.com,Male,35.36.209.216
1407,Kaja,Hannabuss,khannabuss8i@fastcompany.com,Female,238.201.105.89
1408,Ardys,Petrello,apetrello8j@geocities.jp,Female,49.169.50.144
1409,Dianna,Mallinson,dmallinson8k@sbwire.com,Female,11.253.5.137
1410,Parke,Tinton,ptinton8l@google.it,Male,3.135.235.7
1411,Hedvig,Smittoune,hsmittoune8m@businessinsider.com,Female,186.72.216.213
1412,Rance,Bowskill,rbowskill8n@smugmug.com,Male,244.62.160.59
1413,Foster,Romeuf,fromeuf8o@gov.uk,Bigender,212.116.215.142
1414,Simone,Claricoates,sclaricoates8p@nps.gov,Female,15.139.188.79
1415,Casper,Milesop,cmilesop8q@youtu.be,Male,58.62.84.10
1416,Jany,Mortel,jmortel8r@behance.net,Female,164.201.226.122
1417,Oralie,Barnardo,obarnardo8s@chron.com,Female,222.48.54.54
1418,Marina,Lared,mlared8t@timesonline.co.uk,Female,179.177.235.212
1419,Spike,Stoffer,sstoffer8u@marketwatch.com,Male,102.142.107.175
1420,Marc,Baldacco,mbaldacco8v@booking.com,Male,138.172.180.52
1421,Gwyn,Titheridge,gtitheridge8w@photobucket.com,Female,211.71.243.71
1422,Gardy,Castanaga,gcastanaga8x@webs.com,Male,119.81.48.104
1423,Karina,Wank,kwank8y@cnet.com,Non-binary,7.46.160.233
1424,Vikky,Summers,vsummers8z@geocities.com,Female,224.36.38.170
1425,Minette,Warder,mwarder90@dedecms.com,Female,157.171.190.45
1426,Paula,Faunt,pfaunt91@is.gd,Female,28.7.140.118
1427,Edlin,Bossel,ebossel92@earthlink.net,Male,165.128.161.143
1428,Morgan,Camis,mcamis93@ning.com,Male,52.113.71.247
1429,Teriann,Turnbull,tturnbull94@tamu.edu,Female,84.186.50.245
1430,Rockwell,Breeder,rbreeder95@netscape.com,Male,72.243.210.70
1431,Jillayne,Symcock,jsymcock96@google.co.jp,Female,67.53.115.60
1432,Sarette,Miguel,smiguel97@arizona.edu,Female,222.230.255.196
1433,Austen,Jewar,ajewar98@omniture.com,Polygender,199.184.247.194
1434,Lanae,Mullaly,lmullaly99@weebly.com,Female,38.140.77.46
1435,Archambault,Eastwell,aeastwell9a@opera.com,Male,55.192.122.255
1436,Roxane,Miere,rmiere9b@skyrock.com,Female,83.124.172.242
1437,Sandy,Ivatt,sivatt9c@disqus.com,Male,26.239.54.43
1438,Desdemona,Everley,deverley9d@surveymonkey.com,Female,106.178.64.161
1439,Elicia,Coggill,ecoggill9e@hugedomains.com,Female,160.34.79.213
1440,Siffre,Goaks,sgoaks9f@devhub.com,Male,26.73.173.255
1441,Rosabelle,Ollin,rollin9g@github.com,Female,32.130.101.211
1442,Kaylyn,Stych,kstych9h@loc.gov,Female,217.32.125.211
1443,Thaine,Tamlett,ttamlett9i@discuz.net,Male,79.44.82.120
1444,Myra,Huddart,mhuddart9j@bbb.org,Polygender,238.77.192.185
1445,Joey,Chicotti,jchicotti9k@a8.net,Female,198.7.65.195
1446,Munmro,Tunnacliffe,mtunnacliffe9l@blogs.com,Male,122.93.197.189
1447,Angelia,Tombleson,atombleson9m@alibaba.com,Genderqueer,2.218.46.42
1448,Coriss,Helliwell,chelliwell9n@yolasite.com,Female,7.41.235.152
1449,Johan,Espino,jespino9o@google.ru,Male,179.49.46.75
1450,Winnie,Harwin,wharwin9p@so-net.ne.jp,Male,96.215.232.216
1451,Urban,Harverson,uharverson9q@ihg.com,Male,230.188.232.233
1452,Pearle,Fencott,pfencott9r@wired.com,Female,132.16.36.45
1453,Myrtie,Bazire,mbazire9s@arizona.edu,Genderfluid,252.38.227.3
1454,Orland,Raleston,oraleston9t@acquirethisname.com,Male,132.27.69.175
1455,Sherilyn,Foker,sfoker9u@nih.gov,Genderqueer,254.177.237.149
1456,Sax,Summersby,ssummersby9v@360.cn,Male,117.255.52.109
1457,Lida,Koppes,lkoppes9w@google.co.uk,Female,14.237.134.85
1458,Early,Struijs,estruijs9x@shinystat.com,Male,24.17.59.83
1459,Odey,Burriss,oburriss9y@independent.co.uk,Male,138.40.130.176
1460,Melissa,Hallet,mhallet9z@drupal.org,Female,58.227.149.57
1461,Debee,Furmenger,dfurmengera0@answers.com,Female,237.189.224.109
1462,Torrance,Dibbert,tdibberta1@msn.com,Male,114.255.58.200
1463,Ranee,Kain,rkaina2@soup.io,Female,17.111.135.219
1464,Betteann,Aarons,baaronsa3@adobe.com,Female,126.102.233.97
1465,Edmon,Pietruszka,epietruszkaa4@gravatar.com,Male,115.53.236.44
1466,Hillery,Berget,hbergeta5@msn.com,Male,235.148.33.246
1467,Dewie,Martinello,dmartinelloa6@ning.com,Male,145.252.127.213
1468,Halsy,Bore,hborea7@forbes.com,Male,167.233.170.247
1469,Leola,Benditt,lbenditta8@goodreads.com,Female,131.12.80.22
1470,Fidelity,Dowthwaite,fdowthwaitea9@devhub.com,Female,234.23.82.103
1471,Ernie,Fresson,efressonaa@wikispaces.com,Male,91.151.12.13
1472,Farrand,Quenby,fquenbyab@devhub.com,Female,118.254.12.114
1473,Meryl,Rossey,mrosseyac@google.co.uk,Male,88.159.31.13
1474,Duky,Akers,dakersad@blogs.com,Male,8.184.189.195
1475,Zulema,Reston,zrestonae@hugedomains.com,Female,74.225.58.134
1476,Mart,Tredinnick,mtredinnickaf@cargocollective.com,Male,41.26.17.7
1477,Marcie,Nealy,mnealyag@dagondesign.com,Female,201.219.48.200
1478,Babita,Flucker,bfluckerah@shutterfly.com,Female,121.138.10.105
1479,Myrtie,Puckrin,mpuckrinai@51.la,Female,141.107.229.223
1480,Tann,Yesinov,tyesinovaj@aboutads.info,Male,182.242.89.40
1481,Leo,Mailey,lmaileyak@multiply.com,Male,64.8.119.11
1482,Wayland,Pester,wpesteral@infoseek.co.jp,Male,126.122.39.176
1483,Teodoor,Bonnett,tbonnettam@cornell.edu,Male,225.55.81.152
1484,Phillie,Ducastel,pducastelan@netscape.com,Female,21.194.130.107
1485,Giffard,Craythorne,gcraythorneao@biblegateway.com,Male,216.145.233.145
1486,Dion,Ugo,dugoap@oakley.com,Non-binary,87.41.67.27
1487,Shalom,Wilfinger,swilfingeraq@ftc.gov,Male,92.65.39.83
1488,Olga,Jorgensen,ojorgensenar@soundcloud.com,Female,56.174.85.57
1489,Addie,Saffran,asaffranas@indiatimes.com,Male,123.204.117.13
1490,Samaria,Wadley,swadleyat@ow.ly,Female,235.62.1.217
1491,Elnore,Visco,eviscoau@addthis.com,Female,108.172.116.244
1492,Sonnie,Crewther,screwtherav@phoca.cz,Male,72.242.6.95
1493,Jolene,Youle,jyouleaw@addtoany.com,Female,42.226.214.222
1494,Stern,Idel,sidelax@tmall.com,Male,205.27.187.33
1495,Aileen,Smees,asmeesay@hud.gov,Female,16.58.25.112
1496,Neda,Clifton,ncliftonaz@tinypic.com,Female,165.76.117.160
1497,Desmond,Vannuccinii,dvannucciniib0@a8.net,Male,121.37.83.191
1498,Eamon,Hacaud,ehacaudb1@irs.gov,Male,223.154.13.39
1499,Ody,Travers,otraversb2@behance.net,Male,22.173.31.207
1500,Selena,Storres,sstorresb3@example.com,Female,122.202.167.158
1501,Cammy,Del Monte,cdelmonteb4@vinaora.com,Male,251.67.67.174
1502,Robena,Kennady,rkennadyb5@goo.ne.jp,Female,129.43.158.94
1503,Del,O'Gormley,dogormleyb6@google.com.au,Male,143.39.17.228
1504,Neile,Reynault,nreynaultb7@mysql.com,Polygender,231.12.104.125
1505,Zorana,Mosey,zmoseyb8@studiopress.com,Female,192.58.121.102
1506,Tiebout,Mews,tmewsb9@skyrock.com,Agender,159.187.241.153
1507,Alaster,Murley,amurleyba@wired.com,Male,114.238.181.189
1508,Jedediah,Labon,jlabonbb@amazon.com,Male,4.142.110.50
1509,Farly,Adrain,fadrainbc@cbc.ca,Non-binary,111.87.220.228
1510,Galina,Berr,gberrbd@moonfruit.com,Female,145.202.29.68
1511,Ellie,Cuttin,ecuttinbe@homestead.com,Female,170.225.24.131
1512,Phillipe,Makeswell,pmakeswellbf@gnu.org,Male,170.77.136.59
1513,Bartel,Marler,bmarlerbg@gravatar.com,Genderqueer,162.87.105.179
1514,Cathrin,McIntosh,cmcintoshbh@rambler.ru,Female,18.146.128.10
1515,Kitty,Brimmicombe,kbrimmicombebi@toplist.cz,Female,64.156.204.131
1516,Michell,Fairrie,mfairriebj@army.mil,Female,73.148.130.30
1517,Dorey,Czaple,dczaplebk@cnet.com,Female,157.51.238.150
1518,Buffy,Barthrop,bbarthropbl@biblegateway.com,Female,169.52.55.98
1519,Peggy,Purple,ppurplebm@discuz.net,Female,28.119.68.235
1520,Matthew,Luparti,mlupartibn@yale.edu,Male,54.123.238.87
1521,Gui,Ellery,gellerybo@themeforest.net,Female,106.36.120.55
1522,Dani,Condon,dcondonbp@php.net,Female,216.103.71.177
1523,Freddi,Lawrenson,flawrensonbq@house.gov,Female,199.177.72.87
1524,Clementius,Dower,cdowerbr@jigsy.com,Bigender,141.165.122.160
1525,Lindsey,Mangam,lmangambs@pagesperso-orange.fr,Polygender,3.48.76.17
1526,Madeline,Edwardson,medwardsonbt@wikimedia.org,Female,3.224.111.232
1527,Augustine,Arnaudon,aarnaudonbu@thetimes.co.uk,Female,28.85.242.71
1528,Isa,Malden,imaldenbv@ow.ly,Female,187.208.246.61
1529,Jerri,Baddeley,jbaddeleybw@msu.edu,Male,10.98.137.246
1530,Calvin,Sandeson,csandesonbx@irs.gov,Male,2.97.17.154
1531,Archie,Swanton,aswantonby@netlog.com,Male,168.76.160.218
1532,Hally,Hinckley,hhinckleybz@istockphoto.com,Female,24.207.114.76
1533,Ulrikaumeko,Barensky,ubarenskyc0@slideshare.net,Female,77.27.6.35
1534,Granthem,Larmet,glarmetc1@virginia.edu,Male,36.197.222.130
1535,Indira,Raffeorty,iraffeortyc2@foxnews.com,Female,202.125.10.14
1536,Joceline,Cockran,jcockranc3@posterous.com,Female,30.147.214.58
1537,Gwendolin,Ferneyhough,gferneyhoughc4@globo.com,Polygender,247.109.206.90
1538,Lin,Brentnall,lbrentnallc5@theglobeandmail.com,Female,24.0.44.161
1539,Gretna,Unger,gungerc6@redcross.org,Female,164.198.146.208
1540,Burlie,Trimming,btrimmingc7@multiply.com,Male,109.61.98.31
1541,Jessamyn,Catenot,jcatenotc8@amazonaws.com,Female,99.62.51.169
1542,Ursuline,Skally,uskallyc9@forbes.com,Female,4.175.13.133
1543,Essy,Orrum,eorrumca@quantcast.com,Female,171.148.24.212
1544,Gretel,Camelia,gcameliacb@diigo.com,Female,70.18.187.167
1545,Jamal,Arondel,jarondelcc@cocolog-nifty.com,Male,66.123.244.192
1546,Lin,Harte,lhartecd@cyberchimps.com,Male,217.75.32.96
1547,Ted,Campo,tcampoce@ed.gov,Male,70.85.96.149
1548,Dee,Skeech,dskeechcf@chronoengine.com,Non-binary,179.64.253.203
1549,Lilli,Ianelli,lianellicg@blogtalkradio.com,Female,213.128.120.147
1550,Betti,MacDunleavy,bmacdunleavych@apache.org,Female,198.218.188.191
1551,Washington,Bailes,wbailesci@com.com,Male,90.238.99.237
1552,Lavinie,Crowson,lcrowsoncj@google.fr,Female,250.13.137.59
1553,Broderick,Chiommienti,bchiommientick@liveinternet.ru,Male,156.138.168.152
1554,Ibbie,Cordelette,icordelettecl@europa.eu,Female,183.116.99.205
1555,Tait,Mattschas,tmattschascm@berkeley.edu,Male,42.4.182.231
1556,Van,Enevold,venevoldcn@freewebs.com,Male,122.15.203.193
1557,Liza,Debney,ldebneyco@indiatimes.com,Bigender,253.142.241.220
1558,Willi,Stigger,wstiggercp@springer.com,Female,98.253.45.56
1559,Zuzana,Waison,zwaisoncq@symantec.com,Female,210.169.183.183
1560,Spence,Fairholme,sfairholmecr@mapquest.com,Male,136.228.255.120
1561,Frazer,Newarte,fnewartecs@mapquest.com,Male,86.225.28.249
1562,Thor,Guite,tguitect@rakuten.co.jp,Male,72.25.86.229
1563,Branden,Keeble,bkeeblecu@google.ca,Male,146.21.90.57
1564,Sheilakathryn,Burkert,sburkertcv@apple.com,Female,193.8.98.211
1565,Hewett,Dufoure,hdufourecw@independent.co.uk,Male,177.140.121.166
1566,Patsy,Moncur,pmoncurcx@yellowbook.com,Female,195.191.121.68
1567,Willi,Wethey,wwetheycy@omniture.com,Female,180.3.214.176
1568,Shell,D'Adda,sdaddacz@hexun.com,Female,64.63.173.3
1569,Lucilia,Huzzey,lhuzzeyd0@buzzfeed.com,Female,12.30.149.230
1570,Abelard,Hay,ahayd1@china.com.cn,Male,16.216.34.225
1571,Liuka,Halversen,lhalversend2@ovh.net,Female,96.239.124.69
1572,Johnathon,Dahler,jdahlerd3@eepurl.com,Male,16.216.45.143
1573,Helyn,Fedder,hfedderd4@ted.com,Female,35.165.238.116
1574,Theresita,Rigate,trigated5@nsw.gov.au,Female,146.180.19.159
1575,Kayla,Alexandrescu,kalexandrescud6@etsy.com,Female,240.188.164.202
1576,Cynthie,Cowern,ccowernd7@addtoany.com,Genderfluid,103.152.25.246
1577,Caty,Simo,csimod8@cornell.edu,Female,44.183.224.172
1578,Alleen,Petrelli,apetrellid9@theglobeandmail.com,Female,76.34.226.185
1579,Brande,Branthwaite,bbranthwaiteda@mac.com,Female,3.33.20.193
1580,Shandeigh,Chad,schaddb@timesonline.co.uk,Female,240.186.228.132
1581,Salome,McCall,smccalldc@ftc.gov,Female,48.176.81.218
1582,Emilio,Lount,elountdd@diigo.com,Male,207.54.246.132
1583,Perkin,Dilnot,pdilnotde@stanford.edu,Male,195.135.13.145
1584,Quinton,Mensler,qmenslerdf@sbwire.com,Male,146.22.129.72
1585,Reese,Rimbault,rrimbaultdg@e-recht24.de,Male,150.11.249.33
1586,Thorpe,Duffell,tduffelldh@spotify.com,Male,83.88.93.18
1587,Yorgos,Limming,ylimmingdi@tmall.com,Male,130.160.68.173
1588,Arlena,Skirving,askirvingdj@google.cn,Female,45.238.191.245
1589,Weston,Buckmaster,wbuckmasterdk@mozilla.com,Male,172.21.158.3
1590,Sharona,Keers,skeersdl@ifeng.com,Non-binary,219.248.190.58
1591,Maryjo,Pellatt,mpellattdm@yellowpages.com,Female,88.238.164.146
1592,Evey,Crinkley,ecrinkleydn@discuz.net,Female,197.176.122.111
1593,Brand,Randle,brandledo@cpanel.net,Male,193.169.92.76
1594,Adolphe,Goding,agodingdp@statcounter.com,Male,234.18.61.127
1595,Arv,Leask,aleaskdq@earthlink.net,Male,38.95.211.148
1596,Debbie,Tooting,dtootingdr@cdbaby.com,Female,179.67.0.57
1597,Walsh,Kettlewell,wkettlewellds@constantcontact.com,Male,70.114.60.183
1598,Mame,Maffey,mmaffeydt@zimbio.com,Female,202.2.164.30
1599,Erny,Gilyatt,egilyattdu@bluehost.com,Male,39.175.175.226
1600,Yvette,Lucia,yluciadv@gov.uk,Female,168.69.94.36
1601,Jacquelynn,Endrizzi,jendrizzidw@blogs.com,Female,5.55.170.230
1602,Blondy,Kobiera,bkobieradx@icq.com,Female,253.159.196.59
1603,Leif,Mostyn,lmostyndy@quantcast.com,Male,196.139.165.144
1604,Susana,Karolczyk,skarolczykdz@eventbrite.com,Female,193.62.241.250
1605,Heda,Bubbear,hbubbeare0@yellowpages.com,Female,31.210.13.103
1606,Nero,Bernadon,nbernadone1@moonfruit.com,Male,197.186.145.8
1607,Doria,Dalinder,ddalindere2@goo.gl,Female,0.157.193.48
1608,Jennette,Ashbe,jashbee3@scientificamerican.com,Female,91.190.44.187
1609,Felizio,Gammage,fgammagee4@discovery.com,Male,156.150.69.109
1610,Inger,Pandya,ipandyae5@zdnet.com,Male,19.213.241.113
1611,Karlis,Ibbitt,kibbitte6@narod.ru,Male,230.239.140.251
1612,Lenka,Wellstood,lwellstoode7@nature.com,Female,125.201.102.205
1613,Leroi,Fullom,lfullome8@wired.com,Male,252.242.152.195
1614,Clarissa,Zavattero,czavatteroe9@npr.org,Female,141.77.136.40
1615,Thibaud,Gillum,tgillumea@bandcamp.com,Male,152.127.53.183
1616,Dore,Fossett,dfossetteb@creativecommons.org,Female,77.120.76.15
1617,Phineas,Foote,pfooteec@twitter.com,Male,111.76.254.202
1618,Susann,Gurley,sgurleyed@livejournal.com,Female,133.113.10.218
1619,Phoebe,McCard,pmccardee@feedburner.com,Female,207.143.241.250
1620,Hilton,Connechy,hconnechyef@altervista.org,Male,193.29.228.190
1621,Ronda,Katt,rkatteg@paginegialle.it,Female,48.210.233.249
1622,Carita,Otteridge,cotteridgeeh@constantcontact.com,Female,38.209.42.254
1623,Sinclare,Verden,sverdenei@unicef.org,Male,135.215.91.226
1624,Muhammad,Cockill,mcockillej@phoca.cz,Male,109.137.97.152
1625,Shanna,Tassell,stassellek@chicagotribune.com,Polygender,158.249.112.192
1626,Lebbie,Atter,latterel@marriott.com,Female,26.236.248.129
1627,Carmen,D'Aguanno,cdaguannoem@wufoo.com,Female,223.182.239.57
1628,Rodrique,McKeurtan,rmckeurtanen@webmd.com,Male,223.26.63.146
1629,Trenton,Bibey,tbibeyeo@mit.edu,Male,243.184.242.10
1630,Wilmar,O'Kennedy,wokennedyep@amazon.com,Male,16.137.61.19
1631,Jen,Dressel,jdresseleq@is.gd,Genderqueer,249.148.27.111
1632,Phillida,Snazel,psnazeler@friendfeed.com,Female,155.133.163.26
1633,Elayne,Billows,ebillowses@godaddy.com,Female,249.166.215.211
1634,Darbee,Kubicki,dkubickiet@nbcnews.com,Male,180.91.128.5
1635,Byrann,Carmont,bcarmonteu@bloomberg.com,Male,128.222.116.143
1636,Olivero,Duffie,oduffieev@pbs.org,Male,45.225.118.108
1637,Ivy,Brockett,ibrockettew@microsoft.com,Female,254.183.164.126
1638,Finn,Leaning,fleaningex@diigo.com,Male,76.220.200.203
1639,Arabella,Tatteshall,atatteshalley@state.gov,Female,105.52.191.236
1640,Drona,Paulon,dpaulonez@mozilla.org,Female,107.90.42.59
1641,Olvan,Demaid,odemaidf0@mediafire.com,Male,199.26.82.54
1642,Welby,Verny,wvernyf1@google.fr,Genderfluid,185.197.102.137
1643,Leda,Blyth,lblythf2@epa.gov,Female,9.224.74.138
1644,Constantin,Mound,cmoundf3@ted.com,Genderfluid,61.48.160.47
1645,Sigfried,Kapelhoff,skapelhofff4@techcrunch.com,Male,250.59.101.215
1646,Carolann,Dalyiel,cdalyielf5@fotki.com,Female,175.143.35.164
1647,Henrieta,Colwell,hcolwellf6@japanpost.jp,Female,183.203.142.52
1648,Konstantine,Hallam,khallamf7@t-online.de,Male,22.13.41.45
1649,Daffie,McMonnies,dmcmonniesf8@bing.com,Female,209.135.186.6
1650,Nicoline,Hawthorne,nhawthornef9@china.com.cn,Female,209.24.57.192
1651,Grover,Blackledge,gblackledgefa@rambler.ru,Male,38.159.133.252
1652,Wait,Malyan,wmalyanfb@360.cn,Male,0.154.198.19
1653,Alwin,Kaines,akainesfc@kickstarter.com,Male,154.177.12.159
1654,Morgen,Carlile,mcarlilefd@vk.com,Male,204.109.128.243
1655,Fleur,McIan,fmcianfe@odnoklassniki.ru,Female,162.203.58.90
1656,Theodor,Trewman,ttrewmanff@xinhuanet.com,Male,129.79.205.124
1657,Reid,Barling,rbarlingfg@uiuc.edu,Male,183.105.4.223
1658,Alidia,Grzes,agrzesfh@blogs.com,Female,215.112.177.132
1659,Wiatt,Dubock,wdubockfi@lulu.com,Male,127.207.135.57
1660,Chantalle,Wilkenson,cwilkensonfj@amazon.com,Female,109.187.103.164
1661,Whitby,Jasper,wjasperfk@xrea.com,Male,169.230.35.224
1662,Arel,Bullman,abullmanfl@nba.com,Non-binary,228.151.11.62
1663,Dru,Trevallion,dtrevallionfm@eventbrite.com,Female,60.19.56.166
1664,Mair,Tennock,mtennockfn@businessinsider.com,Female,65.78.70.221
1665,Essa,Roseaman,eroseamanfo@yahoo.com,Non-binary,163.14.67.210
1666,Luke,De Mico,ldemicofp@xrea.com,Non-binary,175.233.202.128
1667,Joel,Klaaassen,jklaaassenfq@bizjournals.com,Male,241.118.8.120
1668,Glyn,Cruikshank,gcruikshankfr@smugmug.com,Male,192.220.176.1
1669,Stoddard,Drew-Clifton,sdrewcliftonfs@odnoklassniki.ru,Agender,32.70.56.184
1670,Myles,Atkins,matkinsft@list-manage.com,Male,202.116.166.133
1671,Cherri,Burnage,cburnagefu@360.cn,Polygender,85.176.13.140
1672,Ardyth,Culross,aculrossfv@hp.com,Female,147.184.130.102
1673,Reinhard,Starking,rstarkingfw@oracle.com,Genderfluid,91.201.82.6
1674,Deanna,Bawdon,dbawdonfx@dagondesign.com,Female,149.12.225.9
1675,Mada,Thumim,mthumimfy@go.com,Female,202.231.107.56
1676,Robby,Bradder,rbradderfz@nifty.com,Female,129.220.59.8
1677,Gillie,Merdew,gmerdewg0@constantcontact.com,Female,56.19.34.120
1678,Husain,Neads,hneadsg1@google.com,Male,126.40.72.59
1679,Angelica,Guthrum,aguthrumg2@youtu.be,Female,110.175.251.18
1680,Mickie,Bellon,mbellong3@dell.com,Male,14.132.13.207
1681,Dani,Bassil,dbassilg4@prlog.org,Male,13.157.196.69
1682,Grannie,Piolli,gpiollig5@merriam-webster.com,Male,241.232.60.78
1683,Clair,Formby,cformbyg6@lulu.com,Male,117.169.132.19
1684,Gherardo,Redhole,gredholeg7@usatoday.com,Male,39.40.84.204
1685,Perrine,Chaplyn,pchaplyng8@slashdot.org,Female,84.63.165.22
1686,Shaina,Kondrachenko,skondrachenkog9@wsj.com,Female,25.164.140.162
1687,Jorge,Isenor,jisenorga@ehow.com,Male,217.194.163.250
1688,Pauli,Trayhorn,ptrayhorngb@mapquest.com,Female,196.236.216.75
1689,Regina,Backs,rbacksgc@dyndns.org,Female,47.193.245.36
1690,Doroteya,Manueau,dmanueaugd@joomla.org,Female,132.171.223.122
1691,Julietta,Oman,jomange@hostgator.com,Agender,213.89.130.103
1692,Cordula,Standeven,cstandevengf@over-blog.com,Female,50.89.2.57
1693,Forrester,Salmond,fsalmondgg@shop-pro.jp,Male,54.172.25.163
1694,Deonne,Burrow,dburrowgh@free.fr,Female,226.192.46.54
1695,Elspeth,Wenden,ewendengi@163.com,Female,179.31.226.19
1696,Helge,Cossom,hcossomgj@google.nl,Female,89.135.173.147
1697,Madelena,Camelia,mcameliagk@sourceforge.net,Female,61.219.70.160
1698,Ailey,Muxworthy,amuxworthygl@apple.com,Female,192.152.55.132
1699,Nessi,Mountford,nmountfordgm@sphinn.com,Female,189.26.38.169
1700,Danit,Garatty,dgarattygn@who.int,Female,29.27.185.71
1701,Brigg,Bristow,bbristowgo@digg.com,Male,244.139.251.29
1702,Duncan,Bradnum,dbradnumgp@fastcompany.com,Non-binary,131.79.93.91
1703,Homerus,Emerine,hemerinegq@hc360.com,Bigender,206.168.104.200
1704,Benyamin,Deane,bdeanegr@qq.com,Male,232.228.25.151
1705,Rafaela,Ollivier,rolliviergs@who.int,Genderqueer,165.232.180.182
1706,Reece,Skilton,rskiltongt@patch.com,Male,153.61.132.200
1707,Kendricks,Haugeh,khaugehgu@rakuten.co.jp,Male,128.142.190.200
1708,Kamillah,Channer,kchannergv@com.com,Female,229.146.138.228
1709,Rivi,Aldine,raldinegw@state.gov,Female,244.3.93.209
1710,Pooh,Vasyutichev,pvasyutichevgx@usatoday.com,Female,65.216.203.59
1711,Shane,Corkan,scorkangy@china.com.cn,Male,142.105.161.49
1712,Leandra,Sotheron,lsotherongz@latimes.com,Female,0.19.70.10
1713,Carolann,Kayzer,ckayzerh0@eepurl.com,Female,168.3.100.108
1714,Fianna,Poleykett,fpoleyketth1@fda.gov,Female,182.45.156.70
1715,Hyatt,Bonnesen,hbonnesenh2@newyorker.com,Bigender,105.195.134.192
1716,Alica,Bowld,abowldh3@adobe.com,Female,206.20.218.103
1717,Emilio,Menault,emenaulth4@icq.com,Male,29.10.114.254
1718,Shadow,Matejka,smatejkah5@wordpress.org,Male,145.158.250.87
1719,Dulcy,Dimbleby,ddimblebyh6@seesaa.net,Female,163.121.88.20
1720,Masha,Dudson,mdudsonh7@chicagotribune.com,Female,221.233.112.203
1721,Agnes,Rau,arauh8@msn.com,Female,150.106.37.118
1722,Pacorro,Jennemann,pjennemannh9@craigslist.org,Male,21.24.166.14
1723,Davide,Bahike,dbahikeha@mac.com,Male,51.228.215.130
1724,Otis,Milmore,omilmorehb@blinklist.com,Male,191.69.167.146
1725,Valma,Lansdown,vlansdownhc@i2i.jp,Female,95.144.191.50
1726,Georgina,Clewlow,gclewlowhd@cdc.gov,Female,238.88.198.2
1727,Bren,Leather,bleatherhe@globo.com,Male,41.146.80.138
1728,Corie,Jessopp,cjessopphf@alibaba.com,Polygender,224.244.7.199
1729,Urbanus,Wooffitt,uwooffitthg@walmart.com,Male,209.94.107.253
1730,Melinda,Annon,mannonhh@so-net.ne.jp,Genderfluid,102.15.25.110
1731,Minor,Foakes,mfoakeshi@oakley.com,Male,97.10.124.183
1732,Huntington,Salsbury,hsalsburyhj@mapy.cz,Male,154.209.235.82
1733,Smith,Hemphill,shemphillhk@scribd.com,Male,83.158.101.121
1734,Sena,Stranieri,sstranierihl@google.ca,Female,162.234.164.210
1735,Dillie,Sloegrave,dsloegravehm@friendfeed.com,Male,119.13.120.251
1736,Zonda,Havvock,zhavvockhn@msu.edu,Female,94.174.162.56
1737,Sean,Urian,surianho@furl.net,Male,51.149.227.254
1738,Konstantin,Jimenez,kjimenezhp@nps.gov,Bigender,57.145.132.48
1739,Adrien,Janus,ajanushq@cnet.com,Genderqueer,97.236.125.235
1740,Melvin,Gooden,mgoodenhr@eepurl.com,Male,88.137.185.241
1741,Al,Shephard,ashephardhs@cisco.com,Male,3.11.171.9
1742,Ola,Harold,oharoldht@accuweather.com,Female,76.33.252.173
1743,Neil,Gherardini,ngherardinihu@canalblog.com,Male,146.41.147.8
1744,Sophi,Brass,sbrasshv@about.com,Bigender,119.43.254.5
1745,Fleurette,McGrann,fmcgrannhw@sbwire.com,Female,0.232.227.170
1746,Caryl,Scannell,cscannellhx@telegraph.co.uk,Bigender,154.131.194.239
1747,Brett,Hatchett,bhatchetthy@sogou.com,Male,17.149.196.174
1748,Bernadine,Beccles,bbeccleshz@altervista.org,Female,186.1.128.227
1749,Vonny,Mattiuzzi,vmattiuzzii0@comcast.net,Female,97.8.84.201
1750,Zolly,Munkley,zmunkleyi1@amazonaws.com,Male,0.152.98.7
1751,Marve,Oty,motyi2@ihg.com,Male,182.74.172.206
1752,Ranice,Brixey,rbrixeyi3@ycombinator.com,Female,177.119.29.55
1753,Clareta,Lardge,clardgei4@ucsd.edu,Female,169.221.162.119
1754,Archibaldo,Tinman,atinmani5@zdnet.com,Male,30.232.105.7
1755,Hamlin,Varfalameev,hvarfalameevi6@scientificamerican.com,Male,215.5.243.189
1756,Dollie,Trudgian,dtrudgiani7@diigo.com,Female,92.165.227.30
1757,Dotty,Cavet,dcaveti8@samsung.com,Female,120.143.46.157
1758,Vlad,Applegarth,vapplegarthi9@phpbb.com,Male,95.237.164.92
1759,Tedie,Feeley,tfeeleyia@loc.gov,Male,90.124.34.47
1760,Augustine,Jandl,ajandlib@sakura.ne.jp,Male,215.39.139.238
1761,Waylin,Dormand,wdormandic@seesaa.net,Male,32.125.2.123
1762,Stirling,Rawkesby,srawkesbyid@ihg.com,Male,34.96.41.112
1763,Kimmie,Pifford,kpiffordie@thetimes.co.uk,Female,13.234.42.152
1764,Ben,Goodbarr,bgoodbarrif@pagesperso-orange.fr,Male,206.183.198.23
1765,Noak,Brozsset,nbrozssetig@odnoklassniki.ru,Male,93.204.33.22
1766,Cullen,Mauro,cmauroih@newsvine.com,Male,184.64.127.156
1767,Craig,Dederich,cdederichii@tamu.edu,Bigender,31.251.44.195
1768,Sebastiano,Thundercliffe,sthundercliffeij@irs.gov,Male,37.185.230.43
1769,Harwilll,McClifferty,hmccliffertyik@soup.io,Male,174.240.94.225
1770,Kassie,Eburah,keburahil@dot.gov,Female,14.198.214.83
1771,Aland,Langland,alanglandim@harvard.edu,Male,126.27.9.95
1772,Dorie,Gheraldi,dgheraldiin@webs.com,Female,186.123.232.85
1773,Shaylyn,MacGillacolm,smacgillacolmio@google.de,Female,42.246.44.193
1774,Laurene,Martinec,lmartinecip@buzzfeed.com,Female,93.183.232.136
1775,Ferdy,Wegner,fwegneriq@yandex.ru,Male,194.154.94.97
1776,Agosto,Ozintsev,aozintsevir@feedburner.com,Male,201.74.12.94
1777,Quent,Mufford,qmuffordis@altervista.org,Male,106.92.115.227
1778,Darrick,Borit,dboritit@creativecommons.org,Male,155.14.30.133
1779,Sheena,Blakeston,sblakestoniu@buzzfeed.com,Female,80.214.101.245
1780,Karole,Ventham,kventhamiv@people.com.cn,Female,222.243.122.77
1781,Barclay,Bushell,bbushelliw@delicious.com,Male,241.90.82.233
1782,Milicent,Corder,mcorderix@ft.com,Female,82.196.150.87
1783,Curtis,Evered,ceverediy@cdc.gov,Male,25.104.98.11
1784,Jude,Leynagh,jleynaghiz@webeden.co.uk,Male,199.33.45.166
1785,Aggy,Sinkings,asinkingsj0@trellian.com,Female,175.179.202.248
1786,Christos,Newcomen,cnewcomenj1@myspace.com,Male,127.196.58.182
1787,Cammie,Skynner,cskynnerj2@netlog.com,Female,21.10.91.79
1788,Sonny,Coathup,scoathupj3@devhub.com,Female,137.43.139.108
1789,Robb,McAmish,rmcamishj4@webmd.com,Male,190.12.17.178
1790,Trent,Norridge,tnorridgej5@multiply.com,Genderqueer,243.104.207.0
1791,Hayley,Knath,hknathj6@acquirethisname.com,Female,50.232.103.211
1792,Maegan,Leftbridge,mleftbridgej7@chronoengine.com,Female,51.64.121.3
1793,Cad,Suttling,csuttlingj8@sohu.com,Bigender,212.19.252.65
1794,Towney,Tembey,ttembeyj9@hexun.com,Male,110.7.197.69
1795,Theodosia,Weitzel,tweitzelja@mediafire.com,Female,224.180.187.75
1796,Jason,Meynell,jmeynelljb@reuters.com,Male,232.47.99.42
1797,Donella,Whitehead,dwhiteheadjc@nifty.com,Non-binary,96.38.31.61
1798,Norene,Newberry,nnewberryjd@cisco.com,Female,205.214.147.74
1799,Christos,Gurdon,cgurdonje@ted.com,Male,228.226.121.158
1800,Clyve,Wakerley,cwakerleyjf@t-online.de,Male,220.100.18.0
1801,Gardner,Breheny,gbrehenyjg@wix.com,Male,93.116.43.93
1802,Inglebert,Pizer,ipizerjh@1688.com,Male,15.233.183.217
1803,Caron,Custard,ccustardji@ocn.ne.jp,Female,95.157.101.224
1804,Jack,Ibotson,jibotsonjj@issuu.com,Male,175.59.227.163
1805,Letisha,Summerskill,lsummerskilljk@comcast.net,Polygender,49.158.244.192
1806,Rosemary,Hearty,rheartyjl@hp.com,Female,252.252.200.93
1807,Pen,Pury,ppuryjm@intel.com,Male,141.211.233.7
1808,Matthiew,Ricker,mrickerjn@vinaora.com,Male,135.43.134.181
1809,Wilhelmina,Loyd,wloydjo@yahoo.co.jp,Female,163.116.16.73
1810,Devlen,Checcucci,dcheccuccijp@nps.gov,Male,151.19.156.75
1811,Curry,Stainburn,cstainburnjq@seattletimes.com,Male,70.49.203.112
1812,Anya,Wrathmall,awrathmalljr@wsj.com,Female,40.28.216.169
1813,Ardith,Coushe,acoushejs@webs.com,Female,158.129.93.29
1814,Ardith,Ickowics,aickowicsjt@google.ca,Polygender,152.15.243.54
1815,Bridget,Matzel,bmatzelju@nature.com,Female,115.120.145.222
1816,Tab,Bousler,tbouslerjv@ifeng.com,Male,232.2.245.177
1817,Thayne,Lovart,tlovartjw@fc2.com,Male,14.42.29.87
1818,Kingston,Coping,kcopingjx@cdbaby.com,Male,60.221.148.78
1819,Vergil,Giacobilio,vgiacobiliojy@sakura.ne.jp,Male,211.29.95.221
1820,Itch,Ternent,iternentjz@posterous.com,Male,68.7.187.37
1821,Quinlan,Bullion,qbullionk0@scribd.com,Male,163.27.242.233
1822,Celestina,Lovekin,clovekink1@state.tx.us,Female,122.33.120.212
1823,Lilia,Poulden,lpouldenk2@ustream.tv,Female,38.40.184.251
1824,Edgard,Hadland,ehadlandk3@google.com.hk,Male,154.123.13.242
1825,Burnaby,Barnwall,bbarnwallk4@odnoklassniki.ru,Male,83.124.127.73
1826,Selig,Braxton,sbraxtonk5@unblog.fr,Male,167.31.49.219
1827,Robinet,Halladay,rhalladayk6@telegraph.co.uk,Female,162.176.118.65
1828,Mikkel,Greenfield,mgreenfieldk7@telegraph.co.uk,Agender,119.8.55.167
1829,Isacco,Wagge,iwaggek8@jugem.jp,Male,216.235.176.250
1830,Udale,Taylorson,utaylorsonk9@state.tx.us,Male,187.16.112.183
1831,Ivett,Giles,igileska@hc360.com,Female,221.129.13.73
1832,Davidde,Ibbison,dibbisonkb@macromedia.com,Male,231.211.43.85
1833,Simone,Halshaw,shalshawkc@huffingtonpost.com,Female,157.51.228.53
1834,Claudian,Jecock,cjecockkd@com.com,Male,121.79.154.73
1835,Butch,Docker,bdockerke@auda.org.au,Male,23.244.132.54
1836,Bel,Filewood,bfilewoodkf@cornell.edu,Female,4.221.216.120
1837,Viola,Parradye,vparradyekg@over-blog.com,Female,245.9.17.119
1838,Hildy,Dunniom,hdunniomkh@sitemeter.com,Female,224.110.231.12
1839,Thatcher,Foxley,tfoxleyki@networkadvertising.org,Male,84.102.30.152
1840,Guglielmo,O'Reilly,goreillykj@hugedomains.com,Male,249.121.202.171
1841,Gaultiero,Inglis,gingliskk@senate.gov,Male,14.195.223.151
1842,Taylor,Pourveer,tpourveerkl@theatlantic.com,Male,11.154.175.117
1843,Cullin,Sweett,csweettkm@cargocollective.com,Male,146.18.212.126
1844,Dwight,Boissieux,dboissieuxkn@tripod.com,Male,113.159.177.241
1845,Renate,Bleasdille,rbleasdilleko@bigcartel.com,Female,226.243.44.50
1846,Herschel,Ronan,hronankp@nih.gov,Male,199.111.184.210
1847,Melissa,Giaomozzo,mgiaomozzokq@loc.gov,Polygender,55.178.242.66
1848,Donavon,Platt,dplattkr@e-recht24.de,Male,214.101.238.224
1849,Weston,Linder,wlinderks@nymag.com,Male,59.201.44.178
1850,Lynn,Leggan,lleggankt@ocn.ne.jp,Male,63.230.9.211
1851,Joshuah,Verrico,jverricoku@phpbb.com,Male,158.172.55.65
1852,Fawne,Elles,felleskv@omniture.com,Agender,91.143.222.135
1853,Madalena,Turbill,mturbillkw@tinyurl.com,Female,233.17.203.186
1854,Larisa,Madeley,lmadeleykx@weebly.com,Female,250.230.248.199
1855,Kim,McGreay,kmcgreayky@nationalgeographic.com,Male,64.166.89.150
1856,Humfrid,Behne,hbehnekz@bloglines.com,Male,143.148.46.136
1857,Francois,Lusted,flustedl0@imgur.com,Male,160.197.84.35
1858,Andonis,Valler,avallerl1@examiner.com,Male,97.160.93.110
1859,Abba,China,achinal2@craigslist.org,Male,175.82.200.199
1860,Dene,Spurier,dspurierl3@google.it,Male,4.202.116.24
1861,Gina,Edgworth,gedgworthl4@unesco.org,Female,17.103.24.90
1862,Sly,Clowton,sclowtonl5@bloglines.com,Male,244.51.253.54
1863,Ainsley,Dikle,adiklel6@microsoft.com,Female,124.113.198.80
1864,Sharyl,Saura,ssaural7@google.nl,Female,143.192.179.158
1865,Brade,Fillgate,bfillgatel8@ycombinator.com,Male,234.129.163.110
1866,Luce,Gransden,lgransdenl9@google.nl,Female,239.49.122.106
1867,Corry,O'Cannan,cocannanla@yellowbook.com,Female,170.42.90.228
1868,Eugenio,Sibbit,esibbitlb@latimes.com,Male,16.9.115.253
1869,Alys,McCawley,amccawleylc@army.mil,Female,189.10.145.73
1870,Gaelan,Jeffes,gjeffesld@adobe.com,Male,51.202.155.100
1871,Shaine,Bonwell,sbonwellle@wired.com,Male,254.43.103.143
1872,Marchall,Lipmann,mlipmannlf@angelfire.com,Male,220.183.68.129
1873,Mortie,Grime,mgrimelg@php.net,Male,151.80.178.35
1874,Zebadiah,Southcombe,zsouthcombelh@google.es,Male,156.163.151.143
1875,Matthus,Feehan,mfeehanli@disqus.com,Male,43.49.40.132
1876,Nanine,Srawley,nsrawleylj@surveymonkey.com,Female,234.171.134.171
1877,Karole,Gaunter,kgaunterlk@devhub.com,Female,188.195.211.125
1878,Joannes,Hafner,jhafnerll@nih.gov,Female,237.177.93.50
1879,Lenee,Paquet,lpaquetlm@example.com,Female,88.147.148.139
1880,Emelia,Lowerson,elowersonln@weibo.com,Genderfluid,34.66.3.139
1881,Angil,Jeune,ajeunelo@opera.com,Female,71.180.210.166
1882,Angel,Vannet,avannetlp@about.com,Male,131.84.215.30
1883,Winnifred,Sebright,wsebrightlq@adobe.com,Female,187.36.206.231
1884,Burch,Tomkin,btomkinlr@cmu.edu,Genderqueer,118.47.29.229
1885,Bondy,Brocklehurst,bbrocklehurstls@vimeo.com,Male,12.50.46.221
1886,Regen,Blennerhassett,rblennerhassettlt@desdev.cn,Male,133.96.179.187
1887,Geoffry,Matejovsky,gmatejovskylu@baidu.com,Male,194.27.192.105
1888,Tania,Brannan,tbrannanlv@flavors.me,Female,22.140.8.142
1889,Helenelizabeth,Munday,hmundaylw@gravatar.com,Female,193.123.63.23
1890,Thebault,Moloney,tmoloneylx@answers.com,Male,30.119.252.11
1891,Ker,Holley,kholleyly@ucoz.ru,Male,67.203.133.134
1892,Kaela,Devigne,kdevignelz@etsy.com,Female,248.141.49.103
1893,Franny,Blackater,fblackaterm0@exblog.jp,Female,154.36.206.108
1894,Mala,Clymo,mclymom1@blog.com,Female,15.6.44.3
1895,Star,Pollendine,spollendinem2@sciencedaily.com,Female,209.68.65.187
1896,Em,Goracci,egoraccim3@uiuc.edu,Female,172.142.243.152
1897,Kathryne,Beldan,kbeldanm4@youtube.com,Female,54.47.231.0
1898,Anica,Kender,akenderm5@barnesandnoble.com,Female,240.254.222.188
1899,Melisent,Stowers,mstowersm6@kickstarter.com,Female,235.31.207.62
1900,Patience,Edison,pedisonm7@shinystat.com,Female,248.146.137.20
1901,Fiann,Biasioli,fbiasiolim8@zdnet.com,Female,79.78.198.147
1902,Renato,Neilly,rneillym9@stumbleupon.com,Male,207.108.61.57
1903,Romonda,McFee,rmcfeema@wiley.com,Female,222.149.237.160
1904,Krissie,Ladel,kladelmb@networksolutions.com,Female,197.134.24.149
1905,Delbert,McLaughlin,dmclaughlinmc@multiply.com,Male,211.187.197.214
1906,John,Justham,jjusthammd@abc.net.au,Male,127.14.193.134
1907,Miguela,Fenlon,mfenlonme@un.org,Female,111.95.63.238
1908,Mattie,Garfitt,mgarfittmf@indiegogo.com,Male,182.242.191.245
1909,Royce,Mariotte,rmariottemg@comcast.net,Male,72.111.245.244
1910,Isabelita,Saenz,isaenzmh@fema.gov,Female,233.70.20.225
1911,Pia,Reddle,preddlemi@mozilla.com,Female,88.99.239.110
1912,Gwen,Bernardes,gbernardesmj@oracle.com,Female,197.41.192.226
1913,Dorita,Staresmeare,dstaresmearemk@tiny.cc,Female,236.17.209.92
1914,Willis,Robertsson,wrobertssonml@apache.org,Male,100.195.74.206
1915,Sharai,Thundercliffe,sthundercliffemm@scribd.com,Agender,151.24.235.78
1916,Lorens,Boggs,lboggsmn@furl.net,Male,100.123.31.102
1917,Marrissa,Lambourne,mlambournemo@jigsy.com,Female,109.6.187.28
1918,Courtney,Benneton,cbennetonmp@behance.net,Male,22.155.169.114
1919,Jinny,Pyrton,jpyrtonmq@bizjournals.com,Female,155.62.19.76
1920,Toma,Niccolls,tniccollsmr@mit.edu,Female,190.227.125.240
1921,Amabelle,O'Halligan,aohalliganms@hexun.com,Female,161.119.48.189
1922,Mike,Horstead,mhorsteadmt@archive.org,Male,63.222.23.223
1923,Aimee,Egell,aegellmu@nasa.gov,Female,188.204.224.69
1924,Zolly,Elwin,zelwinmv@pcworld.com,Male,146.207.74.231
1925,Chiarra,Sedgebeer,csedgebeermw@instagram.com,Female,85.218.115.133
1926,Stanislas,Tackell,stackellmx@google.cn,Male,111.70.130.53
1927,Berte,Wiffill,bwiffillmy@miitbeian.gov.cn,Polygender,231.144.64.237
1928,Courtney,Bogies,cbogiesmz@princeton.edu,Male,2.150.22.232
1929,Gilbertine,Cuffin,gcuffinn0@myspace.com,Female,132.71.129.165
1930,Lonny,Wetherhead,lwetherheadn1@123-reg.co.uk,Male,35.45.12.232
1931,Carry,Punchard,cpunchardn2@nbcnews.com,Genderqueer,71.43.86.7
1932,Samantha,Barajas,sbarajasn3@weather.com,Female,23.63.41.102
1933,Gayla,Matessian,gmatessiann4@theatlantic.com,Female,121.15.144.175
1934,Bondy,MacCosty,bmaccostyn5@delicious.com,Male,127.149.175.239
1935,Ardyth,Slimmon,aslimmonn6@arstechnica.com,Female,219.3.123.58
1936,Andy,Streets,astreetsn7@loc.gov,Genderqueer,76.64.126.221
1937,Gustavus,Gaitone,ggaitonen8@issuu.com,Male,224.149.99.1
1938,Josie,Hosten,jhostenn9@microsoft.com,Female,171.25.4.106
1939,Dody,Jullian,djullianna@live.com,Female,86.183.106.167
1940,Ogden,Horburgh,ohorburghnb@ustream.tv,Male,228.91.44.254
1941,Maurene,Southern,msouthernnc@miitbeian.gov.cn,Female,240.27.66.173
1942,Felice,Rickwood,frickwoodnd@photobucket.com,Male,217.41.70.165
1943,Zachery,Aldwick,zaldwickne@nydailynews.com,Male,15.60.225.199
1944,Caria,Arrow,carrownf@godaddy.com,Female,38.185.6.207
1945,Zachary,Langridge,zlangridgeng@sogou.com,Male,167.199.104.90
1946,Andrew,Pittaway,apittawaynh@amazon.com,Male,229.55.113.93
1947,Sibyl,Harford,sharfordni@blogspot.com,Male,48.148.168.11
1948,Sim,Yakovliv,syakovlivnj@histats.com,Male,103.15.4.190
1949,Emelen,Worlidge,eworlidgenk@webs.com,Male,59.32.105.70
1950,Suzann,Jobbins,sjobbinsnl@goodreads.com,Female,241.122.53.250
1951,Sean,Cawt,scawtnm@nytimes.com,Male,205.175.154.64
1952,Dorree,Duval,dduvalnn@usda.gov,Female,156.248.95.227
1953,Anton,Colliss,acollissno@state.tx.us,Genderfluid,39.179.48.187
1954,Darya,Toll,dtollnp@mediafire.com,Female,93.236.250.131
1955,Germayne,Quaintance,gquaintancenq@telegraph.co.uk,Male,124.121.253.108
1956,Raddie,Skitteral,rskitteralnr@wufoo.com,Male,26.81.202.63
1957,Linc,Schmuhl,lschmuhlns@un.org,Male,116.119.189.36
1958,Romain,Desantis,rdesantisnt@live.com,Male,177.252.121.100
1959,Pavlov,Aish,paishnu@skyrock.com,Male,236.157.58.141
1960,Garry,McCusker,gmccuskernv@ow.ly,Male,27.64.141.50
1961,Chase,Guerrero,cguerreronw@furl.net,Male,177.255.52.175
1962,Nixie,Quakley,nquakleynx@opera.com,Genderfluid,199.237.88.172
1963,Brynna,Winterscale,bwinterscaleny@stanford.edu,Female,107.191.45.96
1964,Amity,Grigorushkin,agrigorushkinnz@jigsy.com,Female,92.138.63.97
1965,Dennie,Saddleton,dsaddletono0@redcross.org,Female,94.144.191.142
1966,Marietta,Farmer,mfarmero1@dagondesign.com,Female,64.185.126.149
1967,Raquela,Gurdon,rgurdono2@ed.gov,Non-binary,182.127.96.179
1968,Brunhilde,Drewery,bdreweryo3@xrea.com,Female,214.15.52.142
1969,Drona,Nattriss,dnattrisso4@t-online.de,Female,124.205.32.7
1970,Jecho,Gummery,jgummeryo5@google.es,Male,57.220.60.166
1971,Amerigo,Kinnerley,akinnerleyo6@icio.us,Male,196.173.215.142
1972,Arabela,Peirson,apeirsono7@csmonitor.com,Female,0.27.7.88
1973,Evangeline,Packham,epackhamo8@fema.gov,Female,184.154.49.180
1974,Alvera,Truett,atruetto9@bloglovin.com,Non-binary,131.74.23.92
1975,Grata,Purver,gpurveroa@virginia.edu,Female,75.218.18.95
1976,Giselbert,Yves,gyvesob@forbes.com,Male,234.50.237.177
1977,Redd,Patkin,rpatkinoc@over-blog.com,Male,108.207.7.120
1978,Jdavie,Roch,jrochod@theatlantic.com,Male,6.207.174.86
1979,Teena,Martinez,tmartinezoe@istockphoto.com,Female,113.31.52.204
1980,Janek,Linstead,jlinsteadof@cbslocal.com,Non-binary,132.6.24.137
1981,Nike,Kyberd,nkyberdog@rediff.com,Female,142.22.220.215
1982,Milissent,Edwicke,medwickeoh@qq.com,Female,247.236.5.253
1983,Bonny,Haire,bhaireoi@netscape.com,Female,107.234.79.154
1984,Netta,Delgua,ndelguaoj@meetup.com,Female,150.106.120.185
1985,Mace,Itter,mitterok@usgs.gov,Male,220.228.64.203
1986,Binny,Allcorn,ballcornol@delicious.com,Female,147.144.13.122
1987,Jarid,Nockolds,jnockoldsom@dell.com,Male,102.158.10.42
1988,Holmes,Tutchell,htutchellon@google.it,Male,129.22.38.22
1989,Glynda,Shatliffe,gshatliffeoo@hp.com,Female,123.101.50.192
1990,Marysa,Penhalurick,mpenhalurickop@samsung.com,Female,15.211.8.140
1991,Jada,Savin,jsavinoq@networksolutions.com,Female,243.139.35.101
1992,Holli,Milley,hmilleyor@engadget.com,Female,210.49.66.172
1993,Fran,Agronski,fagronskios@naver.com,Female,35.125.205.134
1994,Constanta,Hassekl,chasseklot@pbs.org,Female,184.10.160.249
1995,Meara,Coit,mcoitou@webs.com,Female,154.27.228.201
1996,Carlin,Melia,cmeliaov@purevolume.com,Female,232.152.123.163
1997,Cymbre,Cayet,ccayetow@dyndns.org,Female,43.236.215.141
1998,Kristopher,Stickney,kstickneyox@bbb.org,Male,22.168.68.41
1999,Bern,McGilmartin,bmcgilmartinoy@artisteer.com,Male,182.63.226.163
2000,Gustavus,Cambell,gcambelloz@t-online.de,Male,183.249.177.93
2001,Vivia,Arguile,varguilep0@360.cn,Female,48.163.74.118
2002,Shayne,Egginson,segginsonp1@pagesperso-orange.fr,Male,123.57.43.20
2003,Durante,Quilter,dquilterp2@twitpic.com,Agender,136.161.232.232
2004,Gawen,Attenbrough,gattenbroughp3@printfriendly.com,Male,236.168.64.157
2005,Dunstan,Mineghelli,dmineghellip4@ca.gov,Male,17.132.103.195
2006,Cozmo,Nethercott,cnethercottp5@archive.org,Genderqueer,143.56.30.1
2007,Willi,Duguid,wduguidp6@yellowbook.com,Male,111.89.14.83
2008,Aubree,Jurries,ajurriesp7@zimbio.com,Female,68.98.166.158
2009,Kristan,Borrell,kborrellp8@independent.co.uk,Female,217.161.160.83
2010,Sammy,MacRury,smacruryp9@scribd.com,Male,64.82.118.110
2011,Brantley,Tesh,bteshpa@indiegogo.com,Male,218.35.97.163
2012,Lishe,Fibbit,lfibbitpb@g.co,Female,216.65.197.62
2013,Isadora,Skaid,iskaidpc@twitpic.com,Female,171.151.252.206
2014,Hugues,Stanluck,hstanluckpd@4shared.com,Male,24.245.210.248
2015,Clementine,Fairfull,cfairfullpe@mapy.cz,Female,250.84.134.16
2016,Pascale,Kapiloff,pkapiloffpf@weather.com,Male,208.54.111.2
2017,Peggy,Cullingford,pcullingfordpg@uiuc.edu,Female,75.86.82.192
2018,Livvie,Kolak,lkolakph@lycos.com,Female,148.128.69.239
2019,Eustace,Byass,ebyasspi@blogtalkradio.com,Male,202.147.86.25
2020,Marjy,Hallybone,mhallybonepj@marketwatch.com,Female,205.111.67.176
2021,Lambert,Bambrugh,lbambrughpk@zdnet.com,Non-binary,184.133.29.22
2022,Charis,Waplinton,cwaplintonpl@fc2.com,Female,91.134.222.151
2023,Octavius,De Launde,odelaundepm@dot.gov,Male,159.62.39.247
2024,Bebe,Alcoran,balcoranpn@photobucket.com,Female,74.48.154.127
2025,Yolande,Kirvin,ykirvinpo@census.gov,Female,96.75.43.204
2026,Melany,Endersby,mendersbypp@webmd.com,Female,207.96.233.249
2027,Birdie,Huffy,bhuffypq@over-blog.com,Female,207.145.52.131
2028,Woodrow,Congram,wcongrampr@hhs.gov,Male,17.81.34.178
2029,Karl,Couve,kcouveps@blogspot.com,Male,163.153.76.22
2030,Lawton,Brandi,lbrandipt@symantec.com,Male,113.252.166.88
2031,Millisent,Gamet,mgametpu@cnbc.com,Bigender,18.174.107.47
2032,Melisent,Kedie,mkediepv@wikia.com,Female,90.107.90.4
2033,Bertrand,Ffrench,bffrenchpw@mysql.com,Male,83.102.141.186
2034,Dora,Handrek,dhandrekpx@google.fr,Female,213.140.80.30
2035,Cobb,Hagston,chagstonpy@behance.net,Male,168.99.158.105
2036,Tyrus,Sharpin,tsharpinpz@csmonitor.com,Male,220.225.167.194
2037,Roderigo,Hegarty,rhegartyq0@seesaa.net,Male,39.254.200.23
2038,Glyn,Isaacson,gisaacsonq1@posterous.com,Female,175.170.207.113
2039,Steffi,Scoon,sscoonq2@sakura.ne.jp,Female,57.154.55.169
2040,Jerrine,Calderhead,jcalderheadq3@wikimedia.org,Female,72.218.114.70
2041,Guthry,Butt,gbuttq4@angelfire.com,Non-binary,87.219.188.242
2042,Onfroi,Hartfleet,ohartfleetq5@cloudflare.com,Male,100.115.63.56
2043,Meris,Bilam,mbilamq6@4shared.com,Female,242.201.48.176
2044,Mag,Gresty,mgrestyq7@uol.com.br,Female,77.92.199.17
2045,Isis,Beckhurst,ibeckhurstq8@illinois.edu,Female,0.0.181.101
2046,Griffie,Malley,gmalleyq9@is.gd,Male,184.78.131.5
2047,Ambrosi,Brient,abrientqa@addthis.com,Male,223.34.97.93
2048,Anton,Stanyland,astanylandqb@pagesperso-orange.fr,Male,87.233.24.142
2049,Moyra,O'Riordan,moriordanqc@businessweek.com,Female,227.130.52.220
2050,Justus,MacRedmond,jmacredmondqd@usgs.gov,Male,111.212.243.42
2051,Gearard,Applewhite,gapplewhiteqe@163.com,Male,4.70.199.124
2052,Laryssa,Frane,lfraneqf@google.com.hk,Female,220.47.15.137
2053,Lanny,Wace,lwaceqg@rediff.com,Female,194.51.180.56
2054,Mort,Playden,mplaydenqh@paypal.com,Genderqueer,99.254.187.236
2055,Derk,Inkin,dinkinqi@merriam-webster.com,Male,78.73.190.190
2056,Frants,Darkin,fdarkinqj@ucoz.ru,Male,39.29.196.111
2057,Harri,Marzelli,hmarzelliqk@ebay.com,Female,185.251.247.171
2058,Jenni,Cicco,jciccoql@nymag.com,Female,71.127.166.70
2059,Bobby,Folkerd,bfolkerdqm@altervista.org,Male,23.143.59.153
2060,Rainer,Dunge,rdungeqn@scientificamerican.com,Male,22.160.243.244
2061,Tann,Stansbury,tstansburyqo@mapy.cz,Agender,121.137.198.114
2062,Moira,Prudence,mprudenceqp@dion.ne.jp,Female,51.220.217.88
2063,Josephine,Shipcott,jshipcottqq@pbs.org,Female,111.62.217.209
2064,Jodi,Havesides,jhavesidesqr@seesaa.net,Genderfluid,233.101.63.27
2065,Tate,Rue,trueqs@jalbum.net,Female,148.217.98.191
2066,Wally,Bukowski,wbukowskiqt@sohu.com,Female,10.103.142.175
2067,Jeramey,Grindall,jgrindallqu@networksolutions.com,Male,94.236.70.124
2068,Babs,Casado,bcasadoqv@mlb.com,Female,247.151.41.148
2069,Aldis,Blackesland,ablackeslandqw@booking.com,Male,0.134.235.27
2070,Liza,Douris,ldourisqx@slate.com,Female,175.70.205.173
2071,Ali,Insull,ainsullqy@youtube.com,Agender,32.218.82.109
2072,Cori,Parnell,cparnellqz@sina.com.cn,Female,76.252.132.131
2073,Aggy,MacCaig,amaccaigr0@prnewswire.com,Female,14.89.0.89
2074,Patsy,Pearsey,ppearseyr1@mozilla.org,Male,174.35.180.247
2075,Abram,Stoggell,astoggellr2@reference.com,Bigender,0.12.137.129
2076,Florina,Fader,ffaderr3@list-manage.com,Female,19.188.76.157
2077,Steve,Insko,sinskor4@usda.gov,Male,147.121.239.37
2078,Holly,Ratledge,hratledger5@xing.com,Female,74.90.213.45
2079,Garnet,Styant,gstyantr6@theguardian.com,Female,247.236.68.190
2080,Devi,Chrippes,dchrippesr7@baidu.com,Genderqueer,37.223.13.176
2081,Tedra,Spellar,tspellarr8@zimbio.com,Female,130.167.3.18
2082,Angelita,Fitchell,afitchellr9@shareasale.com,Female,215.156.150.202
2083,Flore,Glasson,fglassonra@ameblo.jp,Non-binary,116.118.58.22
2084,Markus,Fitzer,mfitzerrb@gizmodo.com,Male,168.197.56.34
2085,Bald,Preshous,bpreshousrc@webeden.co.uk,Male,69.97.85.220
2086,Ryan,Roberson,rrobersonrd@ovh.net,Male,107.53.76.248
2087,Stafford,Gravie,sgraviere@soundcloud.com,Male,138.33.2.4
2088,Elisabetta,Brekonridge,ebrekonridgerf@geocities.com,Female,54.11.94.52
2089,Rubi,Gawler,rgawlerrg@google.es,Female,90.231.178.173
2090,Sammy,Attfield,sattfieldrh@zdnet.com,Male,7.250.254.2
2091,Trevar,Schwier,tschwierri@wikispaces.com,Male,174.32.60.130
2092,Ogdon,Waddington,owaddingtonrj@princeton.edu,Male,47.223.2.87
2093,Kaiser,Muro,kmurork@patch.com,Male,211.240.101.79
2094,Carey,Hitzschke,chitzschkerl@si.edu,Male,58.200.5.172
2095,Diana,Riddell,driddellrm@csmonitor.com,Female,5.115.29.33
2096,Abbi,Adcock,aadcockrn@biblegateway.com,Female,172.202.35.32
2097,Delaney,Pevreal,dpevrealro@google.com,Male,21.244.165.39
2098,Crawford,O'Loinn,coloinnrp@mail.ru,Male,250.185.146.235
2099,Lin,Simkins,lsimkinsrq@spiegel.de,Male,174.71.4.111
2100,Erhart,Gaythor,egaythorrr@berkeley.edu,Male,231.49.56.160
