id,first_name,last_name,email,gender,ip_address
1,Friedrich,Blenkinsop,fblenkinsop0@quantcast.com,Male,80.65.194.221
2,Serge,Kobera,skobera1@uiuc.edu,Male,151.65.157.175
3,Ronalda,Prahl,rprahl2@fc2.com,Female,160.210.79.8
4,Brigitte,Learmouth,blearmouth3@howstuffworks.com,Female,208.150.233.49
5,Merell,Habble,mhabble4@vinaora.com,Male,114.42.13.7
6,Gran,Gladding,ggladding5@sphinn.com,Male,186.47.250.3
7,Yovonnda,Swannell,yswannell6@desdev.cn,Female,153.28.228.131
8,Sterling,de Keyser,sdekeyser7@utexas.edu,Male,73.42.90.112
9,Garald,Seamer,gseamer8@accuweather.com,Male,12.58.19.4
10,Eadith,Torry,etorry9@narod.ru,Female,37.128.105.129
11,Foss,Ancell,fancella@skyrock.com,Male,40.192.69.16
12,Etheline,Eustis,eeustisb@posterous.com,Female,125.219.246.83
13,Alfonso,Penzer,apenzerc@youtu.be,Male,244.159.212.71
14,Hannah,Harston,hharstond@usda.gov,Female,127.240.148.43
15,Eugene,Bussell,ebusselle@cam.ac.uk,Male,53.10.194.236
16,Melany,Abrahim,mabrahimf@posterous.com,Female,52.44.108.17
17,Garrot,Ruprechter,gruprechterg@google.com.br,Male,38.250.132.255
18,Karoline,Dockrill,kdockrillh@blogspot.com,Bigender,91.26.44.165
19,Kelby,Godman,kgodmani@ask.com,Male,227.108.65.174
20,Jaine,Winyard,jwinyardj@delicious.com,Female,173.75.39.131
21,Blake,Siemon,bsiemonk@amazon.co.jp,Female,106.172.72.168
22,Luce,Volet,lvoletl@tamu.edu,Female,31.191.27.8
23,Angel,Nunns,anunnsm@paypal.com,Male,131.196.213.49
24,Georgina,Barnewelle,gbarnewellen@bloomberg.com,Female,178.141.255.39
25,Stavros,Bleasdille,sbleasdilleo@sun.com,Male,42.56.237.210
26,Jamison,Christley,jchristleyp@wikispaces.com,Male,228.129.51.230
27,Ali,Wale,awaleq@icq.com,Male,77.186.154.243
28,Ferrel,Stolberg,fstolbergr@google.co.uk,Male,6.63.239.224
29,Arv,Southerell,asoutherells@nyu.edu,Male,98.215.57.218
30,Merridie,Lavender,mlavendert@blogs.com,Genderqueer,218.28.254.235
31,Cory,Meininger,cmeiningeru@ted.com,Genderqueer,118.222.217.219
32,Syd,Jacquemy,sjacquemyv@ucla.edu,Male,76.186.179.182
33,Klara,Ingledew,kingledeww@usda.gov,Genderqueer,221.182.46.83
34,Yuma,Woloschin,ywoloschinx@geocities.jp,Male,112.66.168.87
35,Joelle,Spain-Gower,jspaingowery@bandcamp.com,Female,112.99.123.45
36,Holden,Rope,hropez@imdb.com,Male,234.3.34.226
37,Donia,Gronauer,dgronauer10@istockphoto.com,Female,20.169.152.7
38,Eydie,Allwood,eallwood11@typepad.com,Female,227.97.193.218
39,Karoline,Cuschieri,kcuschieri12@sina.com.cn,Female,79.116.107.95
40,Adorne,Carff,acarff13@alexa.com,Female,80.103.40.72
41,Moll,Minchinden,mminchinden14@smh.com.au,Female,30.196.134.89
42,Garth,Johnston,gjohnston15@github.com,Male,215.28.152.199
43,Sofia,Lofts,slofts16@google.ru,Female,47.176.0.138
44,Zonnya,Shawcross,zshawcross17@ed.gov,Female,13.52.7.52
45,Klara,Girardin,kgirardin18@goo.ne.jp,Female,177.49.229.225
46,Chas,Killshaw,ckillshaw19@acquirethisname.com,Male,111.54.199.22
47,Myrtie,Denver,mdenver1a@twitpic.com,Female,162.204.173.160
48,Clayborne,Skewis,cskewis1b@t-online.de,Male,144.252.211.18
49,Abdul,Gresham,agresham1c@discuz.net,Polygender,188.205.61.29
50,Frederica,Pleavin,fpleavin1d@barnesandnoble.com,Female,133.221.253.185
51,Emyle,Rendle,erendle1e@twitter.com,Agender,157.168.166.182
52,Carmine,Scalera,cscalera1f@state.gov,Female,193.27.249.90
53,Jamison,Mockford,jmockford1g@prnewswire.com,Non-binary,193.15.199.159
54,Liliane,Devas,ldevas1h@facebook.com,Female,182.52.49.118
55,Lionello,Taaffe,ltaaffe1i@stumbleupon.com,Male,44.106.180.135
56,Ches,Bastock,cbastock1j@hubpages.com,Male,251.1.229.145
57,Shalom,Witul,switul1k@networksolutions.com,Genderqueer,129.249.177.35
58,Rickey,Pye,rpye1l@pen.io,Male,151.107.160.232
59,Gage,Atto,gatto1m@artisteer.com,Polygender,209.111.14.70
60,Marielle,Cudworth,mcudworth1n@goo.gl,Female,175.107.5.185
61,Brocky,Mathwin,bmathwin1o@chicagotribune.com,Male,196.59.231.25
62,Zorina,Walesa,zwalesa1p@illinois.edu,Female,128.73.210.45
63,Malina,Ambage,mambage1q@elegantthemes.com,Female,26.73.202.60
64,Jocko,Balls,jballs1r@a8.net,Male,139.197.48.8
65,Bobby,Torbeck,btorbeck1s@nature.com,Male,119.158.40.59
66,Donnell,Allred,dallred1t@wp.com,Male,228.100.186.221
67,Rocky,Walter,rwalter1u@dmoz.org,Male,117.253.241.77
68,Nicolais,Spikins,nspikins1v@timesonline.co.uk,Male,104.161.78.229
69,Nappy,Meachan,nmeachan1w@digg.com,Male,205.146.248.37
70,Lorne,Fish,lfish1x@amazonaws.com,Male,130.214.155.210
71,Russell,Stollery,rstollery1y@oakley.com,Male,212.221.133.45
72,Briney,Farnish,bfarnish1z@ehow.com,Female,238.48.84.128
73,Cullan,Cowthard,ccowthard20@w3.org,Male,148.199.124.226
74,Nedi,Lawlance,nlawlance21@indiatimes.com,Polygender,228.106.116.149
75,Cazzie,Timbs,ctimbs22@buzzfeed.com,Male,134.86.67.77
76,Konstantine,Boorne,kboorne23@cpanel.net,Male,204.123.13.126
77,Harmony,Potkins,hpotkins24@slate.com,Female,116.4.123.221
78,Ange,Keller,akeller25@gravatar.com,Female,51.198.189.70
79,Rogerio,Gradwell,rgradwell26@bigcartel.com,Male,108.178.42.47
80,Marquita,Wintringham,mwintringham27@who.int,Genderfluid,193.201.236.31
81,Davidson,Galia,dgalia28@google.fr,Male,205.57.253.130
82,Luke,Masarrat,lmasarrat29@epa.gov,Male,147.18.10.73
83,Sayre,Ross,sross2a@narod.ru,Male,64.0.98.217
84,Denney,Whoolehan,dwhoolehan2b@google.nl,Male,77.149.18.162
85,Marlo,Bagguley,mbagguley2c@vk.com,Male,197.173.135.165
86,Tammara,Raft,traft2d@shinystat.com,Bigender,23.172.193.63
87,Noami,Wingrove,nwingrove2e@yale.edu,Female,61.181.125.90
88,Gianna,Quibell,gquibell2f@umn.edu,Female,179.129.168.188
89,Germana,Renols,grenols2g@wunderground.com,Female,85.50.78.57
90,Carson,Matyushkin,cmatyushkin2h@vk.com,Male,80.80.127.160
91,Evan,Slowan,eslowan2i@va.gov,Male,248.212.246.247
92,Marlo,Tufts,mtufts2j@ow.ly,Male,139.187.60.222
93,Hadlee,Custance,hcustance2k@princeton.edu,Male,193.146.99.243
94,Elizabeth,Haseley,ehaseley2l@squarespace.com,Female,43.68.245.208
95,Easter,Conachie,econachie2m@tripadvisor.com,Female,69.8.165.91
96,Lorrin,Barszczewski,lbarszczewski2n@meetup.com,Female,63.98.242.57
97,Francisco,Secretan,fsecretan2o@360.cn,Male,15.156.112.62
98,Jeramey,Crackel,jcrackel2p@amazon.co.jp,Genderfluid,184.246.7.214
99,Norri,Pinck,npinck2q@over-blog.com,Female,248.57.140.84
100,Jodie,Caplin,jcaplin2r@last.fm,Female,44.13.29.108
