3,Prahl, Ronalda,rprahl2@fc2.com,160.210.79.8
7,Swannell, Yovonnda,yswannell6@desdev.cn,153.28.228.131
21,Siemon, Blake,bsiemonk@amazon.co.jp,106.172.72.168
31,Meininger, Cory,cmeiningeru@ted.com,118.222.217.219
33,Ingledew, Klara,kingledeww@usda.gov,221.182.46.83
35,Spain-Gower, Joelle,jspaingowery@bandcamp.com,112.99.123.45
37,Gronauer, Donia,dgronauer10@istockphoto.com,20.169.152.7
39,Cuschieri, Karoline,kcuschieri12@sina.com.cn,79.116.107.95
41,Minchinden, Moll,mminchinden14@smh.com.au,30.196.134.89
43,Lofts, Sofia,slofts16@google.ru,47.176.0.138
45,Girardin, Klara,kgirardin18@goo.ne.jp,177.49.229.225
47,Denver, Myrtie,mdenver1a@twitpic.com,162.204.173.160
49,Gresham, Abdul,agresham1c@discuz.net,188.205.61.29
51,Rendle, Emyle,erendle1e@twitter.com,157.168.166.182
53,Mockford, Jamison,jmockford1g@prnewswire.com,193.15.199.159
57,Witul, Shalom,switul1k@networksolutions.com,129.249.177.35
59,Atto, Gage,gatto1m@artisteer.com,209.111.14.70
63,Ambage, Malina,mambage1q@elegantthemes.com,26.73.202.60
77,Potkins, Harmony,hpotkins24@slate.com,116.4.123.221
87,Wingrove, Noami,nwingrove2e@yale.edu,61.181.125.90
89,Renols, Germana,grenols2g@wunderground.com,85.50.78.57
95,Conachie, Easter,econachie2m@tripadvisor.com,69.8.165.91
99,Pinck, Norri,npinck2q@over-blog.com,248.57.140.84
