id,first_name,last_name,email,gender,ip_address
101,Davie,Strong,dstrong0@mail.ru,Genderqueer,187.31.36.220
102,Bethanne,Tartt,btartt1@opera.com,Female,178.99.207.120
103,Paule,Huie,phuie2@woothemes.com,Female,138.122.160.5
104,Halette,Roscam,hroscam3@lycos.com,Female,118.62.24.205
105,Tabbatha,Timperley,ttimperley4@360.cn,Female,39.26.10.216
106,Hillel,Pallatina,hpallatina5@craigslist.org,Polygender,147.89.41.189
107,Darcey,Tebbitt,dtebbitt6@soundcloud.com,Bigender,81.163.99.246
108,Vinny,Khomich,vkhomich7@fotki.com,Male,133.25.252.15
109,Amandie,Tolman,atolman8@netlog.com,Female,94.163.12.12
110,Christine,Sabben,csabben9@mtv.com,Female,222.184.116.182
111,Teodorico,Crooke,tcrookea@nydailynews.com,Male,197.69.163.114
112,Nessa,Russi,nrussib@angelfire.com,Female,144.39.21.54
113,Oliviero,Abrey,oabreyc@usatoday.com,Male,46.220.86.111
114,Ethelyn,Chicchetto,echicchettod@shutterfly.com,Genderqueer,38.144.183.244
115,Shoshana,Battle,sbattlee@sakura.ne.jp,Female,166.63.105.82
116,Terza,Applewhaite,tapplewhaitef@fda.gov,Female,121.168.75.3
117,Vicky,Griffitt,vgriffittg@hp.com,Female,36.122.168.5
118,Nevins,Braywood,nbraywoodh@gizmodo.com,Male,20.222.230.43
119,Britteny,Filyukov,bfilyukovi@mac.com,Female,44.51.155.219
120,Lora,Chevers,lcheversj@moonfruit.com,Genderfluid,142.231.39.12
121,Garwood,Cahalan,gcahalank@blogtalkradio.com,Male,41.2.120.244
122,Ezmeralda,Dismore,edismorel@github.io,Female,26.22.111.222
123,Elizabet,Crepel,ecrepelm@dedecms.com,Female,186.10.187.135
124,Garry,Stegers,gstegersn@springer.com,Male,239.32.139.132
125,Bartolemo,Ludford,bludfordo@123-reg.co.uk,Non-binary,120.207.186.221
126,Frazer,Stockall,fstockallp@posterous.com,Male,207.74.118.205
127,Kilian,Van Hove,kvanhoveq@princeton.edu,Male,133.50.204.187
128,Goldarina,Mathew,gmathewr@trellian.com,Female,164.74.98.38
129,Torrence,Iveagh,tiveaghs@npr.org,Male,206.37.59.172
130,Rustin,Bohin,rbohint@walmart.com,Male,28.137.99.211
131,Ber,Whichelow,bwhichelowu@cdbaby.com,Male,91.76.251.171
132,Priscella,McDonnell,pmcdonnellv@com.com,Female,108.80.237.244
133,Keefe,Ferrarotti,kferrarottiw@columbia.edu,Male,247.119.6.204
134,Claudette,Tithecote,ctithecotex@illinois.edu,Female,60.51.241.112
135,Yanaton,Clissell,yclisselly@simplemachines.org,Male,222.172.92.230
136,Cayla,Jerger,cjergerz@hubpages.com,Female,219.96.141.45
137,Brenden,Derycot,bderycot10@github.io,Male,48.156.181.78
138,Nalani,Tremeer,ntremeer11@vimeo.com,Female,115.180.72.117
139,Mickey,Slocum,mslocum12@pcworld.com,Male,12.2.91.185
140,Donn,Marsay,dmarsay13@cornell.edu,Male,191.100.228.232
141,Jock,Laminman,jlaminman14@topsy.com,Male,222.248.227.0
142,Hy,Wallicker,hwallicker15@vinaora.com,Male,40.167.24.110
143,Harmony,Woolford,hwoolford16@google.fr,Female,249.3.191.85
144,Catlin,Jirieck,cjirieck17@bizjournals.com,Female,234.79.222.161
145,Lennie,Gobolos,lgobolos18@google.com.au,Male,112.198.108.174
146,Welby,Shotton,wshotton19@webnode.com,Polygender,4.188.247.84
147,Paten,Flacknell,pflacknell1a@shop-pro.jp,Male,176.92.47.231
148,Karrah,Braune,kbraune1b@noaa.gov,Female,18.142.71.168
149,Sandor,Spear,sspear1c@mysql.com,Male,21.164.229.231
150,Rebe,Whitmell,rwhitmell1d@ihg.com,Female,253.233.163.36
151,Marnie,Pert,mpert1e@merriam-webster.com,Female,54.186.103.146
152,Vicky,Sloat,vsloat1f@china.com.cn,Female,183.162.121.31
153,Raymond,Huddle,rhuddle1g@who.int,Male,63.95.95.232
154,Etty,Danilov,edanilov1h@1688.com,Female,216.245.64.190
155,Katlin,Baribal,kbaribal1i@dell.com,Female,171.109.26.134
156,Brocky,Cressey,bcressey1j@wikia.com,Male,197.17.97.70
157,Nealson,Bullocke,nbullocke1k@diigo.com,Male,1.215.118.143
158,Tobe,Saiens,tsaiens1l@comcast.net,Male,105.55.95.190
159,Cornela,Cox,ccox1m@ihg.com,Genderfluid,125.116.161.212
160,Fabiano,Dewerson,fdewerson1n@craigslist.org,Male,31.67.100.88
161,Raddie,Ransley,rransley1o@gizmodo.com,Male,243.6.162.111
162,Rollie,Nevin,rnevin1p@spiegel.de,Male,221.155.213.89
163,Aldridge,Ropp,aropp1q@msn.com,Male,188.181.177.199
164,Danya,Heake,dheake1r@cnbc.com,Male,213.231.68.252
165,Ellsworth,Mattiello,emattiello1s@amazon.co.uk,Male,34.147.75.13
166,Jackquelin,Abbie,jabbie1t@eventbrite.com,Polygender,59.62.74.14
167,Nefen,Mattielli,nmattielli1u@time.com,Male,184.40.204.77
168,Moreen,Gartenfeld,mgartenfeld1v@ifeng.com,Female,137.39.147.96
169,Fred,Blampey,fblampey1w@imageshack.us,Female,64.237.187.191
170,Lonnard,Bennitt,lbennitt1x@blogs.com,Agender,58.192.103.38
171,Gael,Saull,gsaull1y@arstechnica.com,Female,55.50.202.63
172,Vilma,Gozzard,vgozzard1z@msu.edu,Female,215.0.63.143
173,James,Timmons,jtimmons20@baidu.com,Polygender,175.160.30.41
174,Nevil,McMennum,nmcmennum21@istockphoto.com,Male,85.166.196.198
175,Pooh,Aslie,paslie22@sogou.com,Male,155.174.80.213
176,Dora,Ravilus,dravilus23@walmart.com,Female,115.194.159.177
177,Errol,Sapwell,esapwell24@si.edu,Male,201.12.205.70
178,Niki,Tregear,ntregear25@businessweek.com,Male,121.199.7.7
179,Roby,Kirstein,rkirstein26@vistaprint.com,Female,126.172.26.247
180,Sophey,Rosengren,srosengren27@topsy.com,Female,55.154.130.198
181,Jackquelin,Szach,jszach28@icq.com,Female,183.138.215.142
182,Jenelle,Timny,jtimny29@ucoz.com,Female,39.232.217.158
183,Starlin,O' Dooley,sodooley2a@merriam-webster.com,Female,151.87.153.163
184,Mureil,Stern,mstern2b@cmu.edu,Female,217.235.240.66
185,Hubie,Bennell,hbennell2c@hhs.gov,Male,201.23.224.142
186,Georgiana,Turone,gturone2d@sphinn.com,Female,159.216.18.113
187,Dallas,Jewer,djewer2e@tmall.com,Female,10.90.195.122
188,Erin,Roadknight,eroadknight2f@symantec.com,Male,66.132.231.12
189,Darda,Le Fleming,dlefleming2g@va.gov,Female,119.70.66.74
190,Pavla,Beeswing,pbeeswing2h@gizmodo.com,Female,54.90.111.132
191,Katuscha,Ousley,kousley2i@msu.edu,Female,231.150.147.11
192,Thacher,Godfree,tgodfree2j@guardian.co.uk,Male,81.217.86.79
193,Dody,Durrington,ddurrington2k@soup.io,Female,162.81.81.104
194,Armand,Lambertson,alambertson2l@ed.gov,Male,166.221.252.87
195,Felecia,Andriss,fandriss2m@youtu.be,Female,0.255.237.111
196,Edlin,Philott,ephilott2n@marketwatch.com,Male,68.192.100.172
197,Gibby,Lindermann,glindermann2o@skyrock.com,Male,6.179.152.206
198,Penelopa,Sleith,psleith2p@xinhuanet.com,Female,237.233.189.145
199,Derick,Quidenham,dquidenham2q@symantec.com,Male,77.112.58.86
200,Perren,Piscopo,ppiscopo2r@infoseek.co.jp,Male,212.73.41.206
201,Hailey,Switzer,hswitzer2s@ucoz.com,Male,12.26.101.15
202,Drusi,Keir,dkeir2t@hatena.ne.jp,Female,50.45.20.168
203,Roddy,Marcq,rmarcq2u@wired.com,Male,197.207.225.23
204,Allis,Guerry,aguerry2v@microsoft.com,Female,97.251.176.119
205,Sigismondo,Pfeuffer,spfeuffer2w@altervista.org,Male,9.242.115.120
206,Johannah,Waywell,jwaywell2x@mail.ru,Female,157.178.37.189
207,Miguelita,Shakle,mshakle2y@newsvine.com,Polygender,75.30.117.35
208,Jacquenetta,Cattach,jcattach2z@mysql.com,Female,200.153.97.205
209,Travers,Robberecht,trobberecht30@ed.gov,Male,31.169.107.114
210,Quentin,Coghlin,qcoghlin31@marketwatch.com,Female,35.158.124.211
211,Aloin,Urion,aurion32@java.com,Male,156.153.233.176
212,Hunt,Norvill,hnorvill33@cnbc.com,Male,12.243.22.227
213,Gerri,Glazebrook,gglazebrook34@yale.edu,Female,172.85.38.80
214,Godfry,Haswall,ghaswall35@biblegateway.com,Agender,102.38.32.178
215,Kari,Butland,kbutland36@apple.com,Female,150.238.80.112
216,Tobie,Sunnex,tsunnex37@bing.com,Male,160.202.166.23
217,Raphael,Mee,rmee38@homestead.com,Male,249.180.63.80
218,Pammi,Aiken,paiken39@diigo.com,Female,6.80.208.175
219,Dulcinea,Straw,dstraw3a@sun.com,Female,185.148.6.193
220,Ruddy,Mellor,rmellor3b@shutterfly.com,Male,92.90.98.91
221,Vyky,Verdon,vverdon3c@nydailynews.com,Female,116.233.60.74
222,Stephannie,Adamiak,sadamiak3d@quantcast.com,Bigender,195.146.254.33
223,Honey,Walkling,hwalkling3e@netscape.com,Female,89.45.89.78
224,Vale,Chumley,vchumley3f@hostgator.com,Bigender,68.61.252.107
225,Derek,O'Scannill,doscannill3g@sogou.com,Male,33.180.6.136
226,Sheila,Pickerell,spickerell3h@netlog.com,Female,63.87.84.232
227,Ronnie,Guidetti,rguidetti3i@telegraph.co.uk,Polygender,2.86.68.98
228,Millard,Spurden,mspurden3j@vinaora.com,Genderqueer,55.243.161.211
229,Iorgo,Lusted,ilusted3k@apache.org,Male,2.148.16.28
230,Charo,Vaneev,cvaneev3l@bizjournals.com,Female,238.14.249.247
231,Annette,Mayze,amayze3m@joomla.org,Female,64.174.181.217
232,Sallee,Evill,sevill3n@macromedia.com,Female,3.32.214.221
233,Julissa,Aronowicz,jaronowicz3o@dropbox.com,Female,176.65.120.87
234,Brooke,Pardy,bpardy3p@hc360.com,Male,247.41.23.8
235,Mirabelle,Hummerston,mhummerston3q@fda.gov,Female,89.45.0.46
236,Mehetabel,Reilingen,mreilingen3r@smh.com.au,Female,30.154.194.1
237,Eudora,Blemings,eblemings3s@over-blog.com,Female,141.194.236.0
238,Reagan,Kleinmann,rkleinmann3t@ezinearticles.com,Polygender,242.142.134.172
239,Rustin,Gisburn,rgisburn3u@imgur.com,Male,1.226.123.29
240,Zandra,Woodfield,zwoodfield3v@irs.gov,Polygender,25.251.207.69
241,Rosmunda,Jiricka,rjiricka3w@webmd.com,Female,203.201.105.27
242,Barbie,Josham,bjosham3x@blinklist.com,Female,223.100.119.122
243,Gilberte,Cakebread,gcakebread3y@cam.ac.uk,Female,170.1.7.146
244,Trixie,Gatehouse,tgatehouse3z@acquirethisname.com,Female,229.86.2.167
245,Valida,Pay,vpay40@blinklist.com,Female,141.1.206.196
246,Vanda,Marris,vmarris41@paypal.com,Female,10.143.187.237
247,Rena,Loxton,rloxton42@java.com,Female,5.178.239.139
248,Teodoor,Kitcher,tkitcher43@mozilla.org,Male,82.42.92.90
249,Chas,Baker,cbaker44@macromedia.com,Non-binary,137.55.136.129
250,Georgianne,Tupie,gtupie45@zdnet.com,Female,165.44.239.236
251,Ches,Devennie,cdevennie46@bbc.co.uk,Male,220.168.220.171
252,Dennie,Bradmore,dbradmore47@mozilla.com,Male,39.91.207.108
253,Den,Whitcombe,dwhitcombe48@goo.ne.jp,Male,247.43.187.33
254,Thadeus,Dybbe,tdybbe49@163.com,Male,109.0.49.219
255,Wadsworth,Gamell,wgamell4a@tripadvisor.com,Male,63.150.58.54
256,Garth,Wedmore,gwedmore4b@google.ca,Male,140.108.27.32
257,Ferrell,Harse,fharse4c@intel.com,Male,87.5.187.14
258,Osborn,Pierson,opierson4d@drupal.org,Male,129.229.77.220
259,Skippie,Treversh,streversh4e@cocolog-nifty.com,Male,20.136.89.180
260,Jaquelyn,Toyer,jtoyer4f@bloglines.com,Female,77.159.179.150
261,Brady,Pittem,bpittem4g@cam.ac.uk,Male,80.160.23.0
262,Osgood,Pellew,opellew4h@uol.com.br,Male,91.220.255.119
263,Rina,Figiovanni,rfigiovanni4i@constantcontact.com,Female,179.227.250.125
264,Richardo,Zaniolo,rzaniolo4j@skype.com,Male,145.206.22.130
265,Lynette,Ridulfo,lridulfo4k@multiply.com,Female,29.109.27.21
266,Silvanus,McElane,smcelane4l@psu.edu,Male,24.98.132.173
267,Delly,Allsobrook,dallsobrook4m@fda.gov,Bigender,194.29.55.214
268,Donnajean,McFie,dmcfie4n@gov.uk,Female,198.24.21.191
269,Torrin,Gagin,tgagin4o@chronoengine.com,Male,132.230.214.119
270,Vladamir,Bouzek,vbouzek4p@ocn.ne.jp,Male,161.198.102.118
271,Marabel,Worsnup,mworsnup4q@google.nl,Non-binary,245.202.226.118
272,Cthrine,Hallowes,challowes4r@bizjournals.com,Genderfluid,139.112.206.153
273,Natale,Ipsley,nipsley4s@unc.edu,Male,92.80.79.87
274,Cord,Chiswell,cchiswell4t@chron.com,Male,73.39.169.26
275,Leicester,Melland,lmelland4u@photobucket.com,Male,249.80.89.171
276,Stefano,Molnar,smolnar4v@tamu.edu,Male,116.38.116.16
277,Herculie,Vigietti,hvigietti4w@quantcast.com,Male,167.213.127.124
278,Caren,Furness,cfurness4x@alexa.com,Female,219.220.79.148
279,Jodi,Dearnley,jdearnley4y@icq.com,Female,162.146.149.40
280,Danit,Woolfenden,dwoolfenden4z@spiegel.de,Female,83.78.110.68
281,Hyman,Imlaw,himlaw50@arstechnica.com,Male,111.64.128.49
282,Kizzee,Hulle,khulle51@t-online.de,Agender,20.188.154.165
283,Brett,McElmurray,bmcelmurray52@opera.com,Female,64.104.35.108
284,Karyn,Geldart,kgeldart53@t-online.de,Female,125.160.254.137
285,Maye,Gabbot,mgabbot54@ihg.com,Female,23.139.85.188
286,Skylar,Glazer,sglazer55@google.de,Male,80.126.246.80
287,Teddy,Avraham,tavraham56@ycombinator.com,Male,129.215.128.235
288,Kari,Guidi,kguidi57@google.ca,Female,110.3.12.116
289,Konstanze,Cuffe,kcuffe58@livejournal.com,Female,223.163.210.165
290,Ansell,Entres,aentres59@usatoday.com,Male,188.25.197.69
291,Sandye,Messiter,smessiter5a@marriott.com,Non-binary,206.41.102.37
292,Corina,Nestor,cnestor5b@simplemachines.org,Female,105.92.251.115
293,Zulema,Chessun,zchessun5c@altervista.org,Female,101.0.28.7
294,Donielle,Horrod,dhorrod5d@reference.com,Female,220.248.67.185
295,Drud,Stiegers,dstiegers5e@jimdo.com,Male,19.131.162.201
296,Ula,Shipp,ushipp5f@disqus.com,Female,35.85.70.235
297,Vanna,Bassick,vbassick5g@umn.edu,Female,192.117.53.28
298,Kizzee,Stutely,kstutely5h@yellowbook.com,Female,96.150.200.68
299,Emyle,Miebes,emiebes5i@google.it,Female,68.13.76.213
300,Kevyn,Sagrott,ksagrott5j@mapy.cz,Female,161.110.218.197
301,Maxy,Troyes,mtroyes5k@cocolog-nifty.com,Non-binary,4.191.189.101
302,Clovis,Glashby,cglashby5l@google.fr,Female,87.83.204.193
303,Dale,Duetschens,dduetschens5m@wix.com,Female,67.106.98.132
304,Liam,Geldard,lgeldard5n@booking.com,Male,228.54.91.201
305,Anders,Coneybeare,aconeybeare5o@umich.edu,Male,66.161.190.169
306,Corey,Pyper,cpyper5p@google.it,Female,193.191.131.206
307,Cass,Freda,cfreda5q@thetimes.co.uk,Female,88.81.173.225
308,Owen,Amsden,oamsden5r@discuz.net,Male,55.107.7.59
309,Jobi,Roantree,jroantree5s@etsy.com,Female,212.134.132.37
310,Wake,Huffey,whuffey5t@stumbleupon.com,Male,66.224.248.157
311,Kristel,Vaud,kvaud5u@usgs.gov,Female,192.37.89.38
312,Gustav,Paynes,gpaynes5v@discovery.com,Genderfluid,255.48.186.192
313,Dennis,Corballis,dcorballis5w@hostgator.com,Male,126.252.169.191
314,Luke,Warrell,lwarrell5x@skype.com,Male,183.209.197.63
315,Annabella,Sutcliffe,asutcliffe5y@mtv.com,Female,26.78.100.149
316,Klemens,Fudge,kfudge5z@tinypic.com,Male,195.130.246.3
317,Kristyn,Beesey,kbeesey60@bbb.org,Female,176.77.156.166
318,Celestia,Juliff,cjuliff61@craigslist.org,Polygender,80.185.217.189
319,Barret,Ducarel,bducarel62@simplemachines.org,Male,37.17.208.99
320,Alexine,Rasper,arasper63@gizmodo.com,Female,43.244.57.149
321,Meggi,Yarham,myarham64@scientificamerican.com,Female,240.137.0.226
322,Caril,Sommerscales,csommerscales65@purevolume.com,Female,168.147.178.249
323,Daren,Suggate,dsuggate66@businessweek.com,Male,151.46.37.213
324,Modesta,Hafford,mhafford67@biglobe.ne.jp,Female,93.208.12.88
325,Jasmin,Groves,jgroves68@pbs.org,Genderqueer,51.176.84.194
326,Yule,Korpal,ykorpal69@smh.com.au,Male,81.42.181.79
327,Keelby,Gosby,kgosby6a@cbslocal.com,Male,3.248.244.180
328,Carver,Mityashev,cmityashev6b@statcounter.com,Male,247.72.178.178
329,Troy,Ebi,tebi6c@apache.org,Male,20.220.237.160
330,Andrus,Wallbrook,awallbrook6d@bloomberg.com,Polygender,85.170.236.83
331,Kareem,Greenhalf,kgreenhalf6e@reverbnation.com,Male,114.48.41.35
332,Tabor,Swannick,tswannick6f@si.edu,Agender,167.145.130.233
333,Pia,Glaze,pglaze6g@va.gov,Female,70.91.44.229
334,Sholom,Giraudat,sgiraudat6h@fc2.com,Male,232.172.10.76
335,Stafford,Zukierman,szukierman6i@arizona.edu,Male,255.198.132.102
336,Romona,Hawkin,rhawkin6j@spiegel.de,Agender,131.19.252.156
337,August,Lockie,alockie6k@amazon.com,Male,161.238.33.206
338,Laraine,Lorain,llorain6l@disqus.com,Polygender,227.53.242.203
339,Rivy,Ciobotaru,rciobotaru6m@msn.com,Polygender,90.175.42.154
340,Pavel,Randell,prandell6n@mozilla.org,Male,184.210.14.28
341,Scot,Peschmann,speschmann6o@answers.com,Male,163.159.44.188
342,Amie,Holdren,aholdren6p@globo.com,Female,172.58.189.203
343,Xenia,Slide,xslide6q@jiathis.com,Female,222.33.51.116
344,Yevette,Del Monte,ydelmonte6r@hubpages.com,Female,83.253.182.1
345,Hillyer,Brosch,hbrosch6s@vk.com,Male,199.176.199.89
346,Dav,Upward,dupward6t@privacy.gov.au,Genderfluid,221.69.18.18
347,Gorden,Corde,gcorde6u@a8.net,Male,220.184.42.214
348,Tessy,Maw,tmaw6v@webnode.com,Female,176.244.202.163
349,Conney,McCarle,cmccarle6w@sun.com,Male,206.30.17.134
350,Gladi,McIllroy,gmcillroy6x@deviantart.com,Female,247.53.196.64
351,Thacher,Garford,tgarford6y@sfgate.com,Non-binary,17.43.80.223
352,Nanete,Jodlkowski,njodlkowski6z@ifeng.com,Female,131.165.197.17
353,Kenna,Meredyth,kmeredyth70@cocolog-nifty.com,Female,238.19.51.185
354,Wain,Crimes,wcrimes71@dropbox.com,Male,65.7.202.72
355,Tammara,Bridson,tbridson72@baidu.com,Female,33.29.209.78
356,Cazzie,Stanners,cstanners73@phpbb.com,Male,39.241.233.174
357,Georgianne,Bare,gbare74@furl.net,Female,161.33.195.79
358,Corrina,Studdeard,cstuddeard75@senate.gov,Female,177.66.108.254
359,Natividad,Shreenan,nshreenan76@census.gov,Female,12.177.29.22
360,Stevie,Jeness,sjeness77@miitbeian.gov.cn,Male,148.55.140.248
361,Lorens,Mineghelli,lmineghelli78@purevolume.com,Male,64.76.10.164
362,Brigg,Ricciardello,bricciardello79@independent.co.uk,Male,227.52.185.232
363,Rochette,Arondel,rarondel7a@example.com,Female,87.107.255.135
364,Tedmund,Prinnett,tprinnett7b@xinhuanet.com,Male,206.225.238.217
365,Lexine,Bramer,lbramer7c@cloudflare.com,Female,99.254.136.54
366,Kinna,McCullen,kmccullen7d@bandcamp.com,Female,237.91.102.146
367,Dania,Preskett,dpreskett7e@marketwatch.com,Female,20.89.80.148
368,Sada,Chasney,schasney7f@kickstarter.com,Female,189.250.194.69
369,Elinore,Fidelus,efidelus7g@boston.com,Bigender,24.31.139.196
370,Theda,Aurelius,taurelius7h@go.com,Female,73.123.85.254
371,Tatum,Snewin,tsnewin7i@com.com,Female,211.95.139.173
372,Marge,Domnick,mdomnick7j@dailymail.co.uk,Female,118.157.93.60
373,Mathilda,Pettyfer,mpettyfer7k@photobucket.com,Female,203.65.156.156
374,Suki,von Nassau,svonnassau7l@bigcartel.com,Female,231.233.89.217
375,Anders,Preon,apreon7m@mail.ru,Male,154.43.129.140
376,Thomasin,Tatersale,ttatersale7n@microsoft.com,Female,25.34.130.45
377,Dara,Verlander,dverlander7o@miitbeian.gov.cn,Female,233.66.89.62
378,Burty,Tailby,btailby7p@cnn.com,Genderqueer,180.124.225.90
379,Erhard,Nitto,enitto7q@4shared.com,Male,195.254.129.131
380,Rosamund,Harback,rharback7r@slideshare.net,Female,208.57.124.24
381,Dori,Mabey,dmabey7s@phoca.cz,Female,1.57.5.33
382,Issiah,Blamire,iblamire7t@blogtalkradio.com,Male,142.213.94.100
383,Robb,Battabee,rbattabee7u@kickstarter.com,Male,9.205.53.146
384,Matti,Tillman,mtillman7v@latimes.com,Female,37.153.23.234
385,Trenna,Feaver,tfeaver7w@europa.eu,Female,112.144.106.65
386,Hazel,Dunlop,hdunlop7x@yelp.com,Male,200.166.195.114
387,Joyann,Hayto,jhayto7y@cloudflare.com,Female,28.245.15.113
388,Hilario,Loynton,hloynton7z@mozilla.com,Male,101.84.222.106
389,Tibold,Jannasch,tjannasch80@apple.com,Male,225.76.18.23
390,Louie,O'Gleasane,logleasane81@sbwire.com,Male,242.233.230.64
391,Meade,Bohills,mbohills82@barnesandnoble.com,Female,241.5.11.37
392,Brittaney,Freckleton,bfreckleton83@telegraph.co.uk,Non-binary,13.89.213.84
393,Alexia,Sebley,asebley84@ebay.com,Female,255.204.216.165
394,Adlai,Paiton,apaiton85@furl.net,Male,150.91.186.127
395,Evangeline,Lanfranconi,elanfranconi86@stumbleupon.com,Female,113.187.14.158
396,Nikolai,Pitway,npitway87@free.fr,Male,65.200.172.80
397,Brucie,Stickler,bstickler88@hubpages.com,Male,169.234.160.44
398,Denny,McGilleghole,dmcgilleghole89@xing.com,Male,2.112.7.191
399,Bobby,Newlands,bnewlands8a@aboutads.info,Female,241.214.247.27
400,Patrica,Rodear,prodear8b@microsoft.com,Female,29.89.28.194
401,Mariam,Fatharly,mfatharly8c@latimes.com,Female,1.0.55.155
402,Janek,Harradence,jharradence8d@weibo.com,Male,51.84.249.132
403,Booth,Thunnercliffe,bthunnercliffe8e@scientificamerican.com,Male,214.87.140.87
404,Stacy,Grady,sgrady8f@wsj.com,Female,87.243.30.132
405,Yorgo,Giles,ygiles8g@google.de,Male,137.56.211.212
406,Feodora,Athelstan,fathelstan8h@qq.com,Female,172.49.161.55
407,North,Gooderson,ngooderson8i@tinypic.com,Male,119.161.58.16
408,Sonnie,Cheesley,scheesley8j@moonfruit.com,Male,20.68.105.42
409,Claudianus,Townsley,ctownsley8k@wikipedia.org,Male,36.118.73.204
410,Sam,Koppen,skoppen8l@youku.com,Female,166.77.185.199
411,Calhoun,Ellor,cellor8m@baidu.com,Male,246.184.164.58
412,Thayne,Broome,tbroome8n@nyu.edu,Male,132.113.181.47
413,Marco,Marvell,mmarvell8o@dyndns.org,Male,112.217.244.89
414,Deane,Haly,dhaly8p@domainmarket.com,Male,248.247.50.78
415,Valli,Pallasch,vpallasch8q@php.net,Female,231.196.232.91
416,Colene,Petteford,cpetteford8r@nbcnews.com,Female,253.105.0.95
417,Myrtia,Rizzello,mrizzello8s@webs.com,Female,192.112.142.215
418,Harv,Dopson,hdopson8t@t-online.de,Male,96.117.195.174
419,Sabina,Philippson,sphilippson8u@springer.com,Female,226.58.124.234
420,Cher,Bumpass,cbumpass8v@networksolutions.com,Female,143.155.204.90
421,Aveline,Ezzle,aezzle8w@prweb.com,Female,86.35.152.15
422,Sol,Mcmanaman,smcmanaman8x@wufoo.com,Male,217.57.5.149
423,Cesare,Borg,cborg8y@tripadvisor.com,Polygender,181.171.139.224
424,Fernanda,Woolfoot,fwoolfoot8z@yale.edu,Bigender,66.203.96.46
425,Cariotta,Mahaffey,cmahaffey90@blogspot.com,Female,88.36.92.222
426,Jean,Sherrell,jsherrell91@sphinn.com,Male,242.182.7.73
427,Gonzales,Reedshaw,greedshaw92@digg.com,Male,123.56.235.184
428,Cindelyn,Dowears,cdowears93@icq.com,Female,234.151.32.234
429,Hoyt,Warder,hwarder94@dot.gov,Male,97.202.61.203
430,Kaycee,McIsaac,kmcisaac95@xrea.com,Female,19.185.8.133
431,Sharla,Pretsell,spretsell96@wufoo.com,Bigender,164.221.167.65
432,Fraser,Olliver,folliver97@disqus.com,Male,0.196.107.164
433,Dawna,Maruska,dmaruska98@timesonline.co.uk,Female,73.34.175.19
434,Cam,Alelsandrowicz,calelsandrowicz99@rediff.com,Female,54.238.128.131
435,Alverta,Gemmell,agemmell9a@jiathis.com,Female,138.20.118.247
436,Averell,Doodson,adoodson9b@slate.com,Male,64.121.244.59
437,Bryana,Chagg,bchagg9c@patch.com,Non-binary,132.128.203.156
438,Theo,Waterfall,twaterfall9d@ycombinator.com,Male,130.37.127.5
439,Charity,Southwick,csouthwick9e@marriott.com,Female,216.224.81.33
440,Tristam,Mapledoore,tmapledoore9f@photobucket.com,Male,243.149.169.10
441,Christa,Gelder,cgelder9g@blogs.com,Bigender,196.197.71.118
442,Reggie,Tussaine,rtussaine9h@state.tx.us,Male,244.126.221.242
443,Demott,Gregoretti,dgregoretti9i@jalbum.net,Male,58.81.149.57
444,Fallon,Middleditch,fmiddleditch9j@t.co,Female,126.177.101.21
445,Port,Samarth,psamarth9k@tinypic.com,Male,46.52.129.148
446,Elsbeth,Aylesbury,eaylesbury9l@godaddy.com,Female,85.233.140.101
447,Giacobo,Breckin,gbreckin9m@nba.com,Male,87.109.234.66
448,Tobe,O'Dunneen,todunneen9n@tripadvisor.com,Female,72.127.175.37
449,Gwen,Chadbourn,gchadbourn9o@cdbaby.com,Female,15.138.82.31
450,Tod,Bogges,tbogges9p@addthis.com,Male,37.186.176.208
451,Phyllis,McWhinnie,pmcwhinnie9q@yahoo.co.jp,Female,113.7.96.197
452,Clotilda,McPake,cmcpake9r@blog.com,Female,220.246.38.6
453,Jed,Rosentholer,jrosentholer9s@squidoo.com,Agender,205.190.120.192
454,Liesa,Houltham,lhoultham9t@wikispaces.com,Female,204.243.247.44
455,Yolande,Esposito,yesposito9u@surveymonkey.com,Female,201.98.108.59
456,Rodrigo,Demangel,rdemangel9v@umich.edu,Male,76.221.60.180
457,Torey,Shevlan,tshevlan9w@e-recht24.de,Male,11.230.1.96
458,Farr,Stanley,fstanley9x@independent.co.uk,Male,94.135.42.221
459,Heinrik,Glowacha,hglowacha9y@oracle.com,Male,169.132.188.195
460,Alika,Aldren,aaldren9z@opera.com,Bigender,62.155.135.188
461,Anatole,Scramage,ascramagea0@elpais.com,Male,28.9.255.11
462,Royall,MacNamara,rmacnamaraa1@jimdo.com,Male,178.234.131.212
463,Karlene,Bartoszinski,kbartoszinskia2@pcworld.com,Female,148.239.173.101
464,Biddie,Davidsson,bdavidssona3@imageshack.us,Polygender,91.241.167.90
465,Phaidra,Wilkenson,pwilkensona4@shutterfly.com,Female,198.123.136.35
466,Esme,Fantone,efantonea5@yolasite.com,Female,220.41.67.76
467,Kylie,Ruspine,kruspinea6@reference.com,Male,151.113.130.199
468,Chaim,O'Hartigan,cohartigana7@artisteer.com,Male,65.58.145.147
469,Bernita,Routh,broutha8@wikia.com,Genderfluid,93.177.202.94
470,Ronnica,Bartosik,rbartosika9@usatoday.com,Female,37.30.85.161
471,Peri,Skillington,pskillingtonaa@comsenz.com,Female,181.103.207.127
472,Padgett,Maffione,pmaffioneab@webmd.com,Male,253.92.76.168
473,Cherri,Cove,ccoveac@booking.com,Female,224.63.129.205
474,Haywood,Nolleau,hnolleauad@infoseek.co.jp,Male,84.229.119.114
475,Gray,Moulding,gmouldingae@europa.eu,Male,125.91.158.54
476,Deeann,Kunze,dkunzeaf@theatlantic.com,Female,181.127.149.51
477,Arlena,Kelley,akelleyag@hp.com,Female,127.36.61.2
478,Kaitlyn,Gonthard,kgonthardah@prweb.com,Female,56.230.29.173
479,Dareen,Regglar,dregglarai@sitemeter.com,Female,74.230.44.249
480,Aubine,Peter,apeteraj@epa.gov,Female,184.252.255.76
481,Albert,Grinham,agrinhamak@ning.com,Male,41.75.221.154
482,Ware,Zack,wzackal@mlb.com,Male,97.10.39.44
483,Phillipp,Offell,poffellam@msn.com,Male,72.29.137.59
484,Karole,McIlroy,kmcilroyan@scribd.com,Female,36.44.48.5
485,Caresa,Scowen,cscowenao@japanpost.jp,Female,8.122.75.100
486,Hermine,Kilbee,hkilbeeap@163.com,Female,83.125.51.148
487,Jared,Bree,jbreeaq@privacy.gov.au,Non-binary,203.34.219.4
488,Kally,Peak,kpeakar@bbc.co.uk,Genderfluid,230.184.116.69
489,Ardith,Wretham,awrethamas@addtoany.com,Female,50.44.232.54
490,Eugen,Leamon,eleamonat@ucoz.ru,Male,181.138.6.136
491,Alvan,Semechik,asemechikau@jiathis.com,Male,99.36.73.214
492,Kimberly,Willett,kwillettav@wunderground.com,Female,27.253.168.231
493,Cthrine,Grant,cgrantaw@amazon.co.uk,Female,63.16.0.2
494,Colby,Petrak,cpetrakax@mlb.com,Male,55.117.213.3
495,Aurelie,Twinborough,atwinboroughay@virginia.edu,Female,97.239.82.4
496,Denni,Cashmore,dcashmoreaz@oaic.gov.au,Female,8.205.104.10
497,Oralia,Klimkin,oklimkinb0@posterous.com,Female,245.226.83.65
498,Doralin,Imloch,dimlochb1@adobe.com,Female,142.19.165.61
499,Alverta,Heathfield,aheathfieldb2@google.co.uk,Female,122.40.153.243
500,Hayden,Priestnall,hpriestnallb3@foxnews.com,Male,142.101.218.146
501,Tore,Beiderbeck,tbeiderbeckb4@networksolutions.com,Male,18.136.124.45
502,Martita,Colleford,mcollefordb5@google.es,Female,8.43.131.88
503,Ilise,Stothert,istothertb6@flickr.com,Female,8.174.180.111
504,Brendin,Mazzey,bmazzeyb7@ebay.co.uk,Male,0.204.25.149
505,Yuma,Sponder,ysponderb8@nsw.gov.au,Male,50.29.175.87
506,Lanny,Skeath,lskeathb9@webeden.co.uk,Female,33.144.184.9
507,Pammi,Yate,pyateba@hud.gov,Female,35.43.91.14
508,Sheridan,Souten,ssoutenbb@bloglovin.com,Male,39.54.40.245
509,Mar,Matteo,mmatteobc@arizona.edu,Male,202.84.208.103
510,Sam,Loidl,sloidlbd@china.com.cn,Male,64.36.3.35
511,Parsifal,Lidden,pliddenbe@wunderground.com,Male,14.208.32.78
512,Fayette,Brandin,fbrandinbf@pinterest.com,Female,16.35.58.217
513,Madelena,Smitherman,msmithermanbg@smugmug.com,Female,107.108.19.248
514,Syd,Deer,sdeerbh@youtube.com,Male,74.223.216.112
515,Bertram,Wooldridge,bwooldridgebi@mail.ru,Male,174.161.219.198
516,Carmelia,Rodge,crodgebj@tumblr.com,Female,94.84.192.87
517,Vittorio,Spriggs,vspriggsbk@storify.com,Male,254.242.82.128
518,Jessamine,Ivankov,jivankovbl@bluehost.com,Female,51.152.14.141
519,Calida,Gierek,cgierekbm@cdbaby.com,Female,13.10.36.222
520,Akim,Kollaschek,akollaschekbn@dedecms.com,Bigender,161.88.119.50
521,Goober,Monksfield,gmonksfieldbo@uol.com.br,Male,29.179.132.145
522,Wayland,Threadgould,wthreadgouldbp@zimbio.com,Male,196.50.70.121
523,Cathleen,Eldershaw,celdershawbq@cam.ac.uk,Female,211.248.169.127
524,Nickolas,Crang,ncrangbr@springer.com,Male,132.154.235.240
525,Taylor,Playfair,tplayfairbs@scientificamerican.com,Male,17.79.84.195
526,Allen,Kermath,akermathbt@springer.com,Male,28.195.102.180
527,Sandye,Ringsell,sringsellbu@naver.com,Female,173.37.253.93
528,Meriel,Poll,mpollbv@webs.com,Bigender,99.175.144.48
529,Padraig,Sneezum,psneezumbw@mapquest.com,Male,101.126.138.121
530,Dick,Flowers,dflowersbx@t-online.de,Male,105.187.204.87
531,Edmund,Jendrach,ejendrachby@theglobeandmail.com,Non-binary,49.200.195.246
532,Luelle,Ormesher,lormesherbz@cornell.edu,Female,17.117.139.20
533,Ester,Cockson,ecocksonc0@fda.gov,Female,231.198.37.242
534,Claiborn,Poli,cpolic1@independent.co.uk,Male,145.0.138.112
535,Welsh,Warn,wwarnc2@cafepress.com,Male,16.156.95.100
536,Yehudit,Tourner,ytournerc3@uol.com.br,Male,76.175.32.3
537,Itch,Nasey,inaseyc4@msn.com,Male,48.177.82.184
538,Cordell,Hassan,chassanc5@fema.gov,Male,4.225.192.105
539,Ellissa,Henrych,ehenrychc6@gizmodo.com,Female,107.209.236.197
540,Virgil,Ahrenius,vahreniusc7@utexas.edu,Male,243.191.77.117
541,Rem,Elvy,relvyc8@usda.gov,Male,66.187.115.227
542,Florella,Gristhwaite,fgristhwaitec9@yellowbook.com,Female,5.211.211.199
543,Obed,Marquot,omarquotca@scientificamerican.com,Male,246.54.160.187
544,Dwight,Rattery,dratterycb@marriott.com,Male,180.194.5.73
545,Betty,Bacup,bbacupcc@youtu.be,Female,240.198.25.232
546,Brigit,Hainning,bhainningcd@lulu.com,Female,32.157.229.138
547,Ailyn,Spikeings,aspikeingsce@istockphoto.com,Non-binary,12.140.35.130
548,Finley,Kittiman,fkittimancf@cnn.com,Male,14.165.36.160
549,Cornelius,Hance,chancecg@yellowpages.com,Male,57.99.103.139
550,Flossie,Cromie,fcromiech@ning.com,Female,145.234.91.97
551,Brander,Garnsworthy,bgarnsworthyci@un.org,Male,79.249.32.225
552,Trey,Moakes,tmoakescj@fema.gov,Male,162.2.113.11
553,Joyann,Rusling,jruslingck@wikimedia.org,Female,194.147.49.231
554,Jyoti,Sliney,jslineycl@ovh.net,Female,96.164.252.146
555,Holmes,Lamy,hlamycm@answers.com,Male,51.53.121.117
556,Jerrome,Gadie,jgadiecn@dot.gov,Male,160.156.41.155
557,Corabella,Dalinder,cdalinderco@paginegialle.it,Female,239.214.19.90
558,Celeste,Wooffinden,cwooffindencp@vkontakte.ru,Female,137.90.195.106
559,Carl,Ruggen,cruggencq@istockphoto.com,Male,117.250.227.85
560,Newton,Cushe,ncushecr@apple.com,Male,222.79.49.92
561,Jennine,Domney,jdomneycs@wiley.com,Bigender,153.33.118.160
562,Allan,Basindale,abasindalect@quantcast.com,Male,27.220.65.125
563,Joelie,Paton,jpatoncu@taobao.com,Female,34.6.126.93
564,Gisele,Krollman,gkrollmancv@google.co.uk,Female,87.117.99.202
565,Artus,Loddon,aloddoncw@etsy.com,Male,166.92.172.226
566,Stanfield,Sommerly,ssommerlycx@biglobe.ne.jp,Male,31.196.130.39
567,Teressa,Eagar,teagarcy@wikimedia.org,Female,173.10.128.80
568,Keane,Boame,kboamecz@comsenz.com,Male,85.78.72.147
569,Garek,Bowles,gbowlesd0@yellowpages.com,Male,79.34.133.238
570,Saunder,Alesi,salesid1@twitpic.com,Male,226.216.237.244
571,Lennard,Kristiansen,lkristiansend2@netscape.com,Agender,170.152.55.115
572,Clevie,Babin,cbabind3@discuz.net,Male,13.42.100.119
573,Ruddy,Slark,rslarkd4@blogger.com,Male,149.134.43.208
574,Homerus,Hubane,hhubaned5@nbcnews.com,Male,252.148.102.85
575,Morten,Danne,mdanned6@ycombinator.com,Male,16.2.2.123
576,Frasquito,Begent,fbegentd7@yandex.ru,Male,62.240.96.135
577,Laurie,de Lloyd,ldelloydd8@usatoday.com,Male,190.20.0.39
578,Adelbert,Folan,afoland9@epa.gov,Male,90.125.29.139
579,Beryle,Linbohm,blinbohmda@webs.com,Female,221.37.97.122
580,Hirsch,Teodori,hteodoridb@nymag.com,Male,92.84.228.184
581,Lenore,Van Waadenburg,lvanwaadenburgdc@chron.com,Female,19.221.7.253
582,My,Overstall,moverstalldd@i2i.jp,Male,68.63.53.108
583,Jordain,Beert,jbeertde@apple.com,Female,226.74.74.144
584,Antonia,Slogrove,aslogrovedf@kickstarter.com,Female,197.9.45.239
585,De,Franchioni,dfranchionidg@fotki.com,Female,240.7.183.236
586,Reginauld,Philipot,rphilipotdh@blogs.com,Male,227.131.84.74
587,Cyb,Brandom,cbrandomdi@uol.com.br,Female,104.246.179.112
588,Luise,Grishukov,lgrishukovdj@g.co,Female,53.187.204.95
589,Carlo,Reynish,creynishdk@bravesites.com,Male,4.133.42.3
590,Deanna,Winks,dwinksdl@opensource.org,Female,145.199.155.68
591,Keely,Edwin,kedwindm@php.net,Female,63.174.218.128
592,Patrizio,Tasseler,ptasselerdn@thetimes.co.uk,Male,51.129.149.118
593,Carlye,Hoogendorp,choogendorpdo@accuweather.com,Genderqueer,183.73.4.108
594,Emeline,Lockie,elockiedp@tiny.cc,Female,54.14.115.235
595,Korey,Furber,kfurberdq@cocolog-nifty.com,Male,51.0.29.233
596,Aubrey,Blacklawe,ablacklawedr@biblegateway.com,Female,30.147.238.221
597,Ingrim,Trembley,itrembleyds@army.mil,Male,192.249.247.24
598,Siobhan,Symcock,ssymcockdt@yahoo.com,Female,213.99.113.31
599,Annnora,Dobbin,adobbindu@wufoo.com,Female,144.179.15.2
600,Gan,Pulver,gpulverdv@irs.gov,Male,181.56.55.165
601,Maia,Briat,mbriatdw@wunderground.com,Female,183.10.113.97
602,Mireille,Dangl,mdangldx@godaddy.com,Female,70.90.144.158
603,Fee,Ellett,fellettdy@unblog.fr,Male,138.117.56.179
604,Bartlett,Karslake,bkarslakedz@aol.com,Male,192.210.46.212
605,Brion,Andreix,bandreixe0@virginia.edu,Male,187.133.204.236
606,Matthias,Eliesco,meliescoe1@github.io,Male,150.161.151.129
607,Fabio,Grigorey,fgrigoreye2@e-recht24.de,Polygender,151.101.29.203
608,Cleve,Grotty,cgrottye3@yellowpages.com,Male,26.48.209.143
609,Marya,Rumbellow,mrumbellowe4@ucoz.ru,Female,93.114.6.129
610,Gavan,Lay,glaye5@shop-pro.jp,Genderqueer,158.26.135.77
611,Martha,Frankland,mfranklande6@drupal.org,Female,229.2.69.71
612,Shirl,Strethill,sstrethille7@plala.or.jp,Female,99.120.6.3
613,Linnet,Salter,lsaltere8@tmall.com,Female,139.189.112.172
614,Marius,Mobberley,mmobberleye9@slideshare.net,Genderfluid,82.27.32.114
615,Maritsa,Mabee,mmabeeea@google.com.br,Female,19.245.235.156
616,Kienan,Roach,kroacheb@google.com.au,Male,96.126.174.33
617,Heda,Caselick,hcaselickec@about.com,Female,202.244.134.165
618,Elianora,Snead,esneaded@vinaora.com,Genderfluid,98.132.82.50
619,Mable,Coucher,mcoucheree@imdb.com,Agender,120.149.193.179
620,Kirsti,Nannetti,knannettief@upenn.edu,Female,55.33.133.214
621,Vladamir,Van Der Vlies,vvandervlieseg@sbwire.com,Male,190.172.6.88
622,Randa,Dirand,rdirandeh@ihg.com,Agender,59.163.210.233
623,Shaine,Legion,slegionei@studiopress.com,Non-binary,187.94.102.213
624,Bibbye,Korbmaker,bkorbmakerej@cpanel.net,Female,137.208.246.204
625,Esme,Chomicz,echomiczek@cocolog-nifty.com,Female,157.23.123.246
626,Filippo,Treadway,ftreadwayel@jimdo.com,Genderfluid,64.166.20.44
627,Sandie,Dennett,sdennettem@accuweather.com,Female,136.39.214.142
628,Francesca,Grigolashvill,fgrigolashvillen@bloglines.com,Female,54.205.201.246
629,Marjory,Niland,mnilandeo@hibu.com,Female,180.130.196.196
630,Nance,Icke,nickeep@hubpages.com,Female,255.154.165.4
631,Skip,Castagna,scastagnaeq@imgur.com,Male,115.141.13.222
632,Krisha,Barttrum,kbarttrumer@theatlantic.com,Male,220.168.73.5
633,Daren,Kaufman,dkaufmanes@shinystat.com,Male,146.81.169.88
634,Codee,Daniels,cdanielset@zimbio.com,Female,219.242.75.236
635,Paddie,Roloff,proloffeu@ow.ly,Bigender,249.62.115.169
636,Roobbie,Verzey,rverzeyev@amazon.co.uk,Female,180.241.250.239
637,Veronike,Garthshore,vgarthshoreew@addthis.com,Female,114.203.183.116
638,Derron,Churchman,dchurchmanex@arizona.edu,Male,86.1.52.167
639,Haleigh,Longhorne,hlonghorneey@scribd.com,Male,153.63.200.163
640,Carmelle,Sprouls,csproulsez@ed.gov,Genderqueer,220.113.220.28
641,Asher,Caton,acatonf0@php.net,Male,150.208.64.61
642,Jessie,Kerrane,jkerranef1@npr.org,Male,34.178.230.31
643,Ernaline,Fulham,efulhamf2@cargocollective.com,Female,84.191.102.133
644,Jessa,Brizell,jbrizellf3@lycos.com,Female,120.79.195.212
645,Matelda,Beever,mbeeverf4@gov.uk,Female,167.248.8.142
646,Carleton,Liddington,cliddingtonf5@census.gov,Male,244.177.55.34
647,Gilburt,Delacote,gdelacotef6@dailymotion.com,Male,157.7.216.63
648,Renate,Hoggan,rhogganf7@163.com,Genderfluid,219.196.213.162
649,Angel,Lathan,alathanf8@zdnet.com,Male,85.204.55.119
650,Marv,Birtles,mbirtlesf9@istockphoto.com,Male,52.71.50.145
651,Windham,Caddick,wcaddickfa@xinhuanet.com,Male,21.187.68.128
652,Krystalle,Austwick,kaustwickfb@arstechnica.com,Female,216.127.73.232
653,Zane,Rumney,zrumneyfc@gravatar.com,Male,211.136.8.51
654,Anthe,Alexsandrowicz,aalexsandrowiczfd@fc2.com,Female,23.199.251.20
655,Kris,Billingham,kbillinghamfe@umich.edu,Male,164.184.2.227
656,Jennine,Lardier,jlardierff@nsw.gov.au,Female,179.12.170.42
657,Andria,Sliman,aslimanfg@microsoft.com,Female,32.46.8.27
658,Jehanna,Balke,jbalkefh@1688.com,Female,215.53.145.252
659,Aylmar,Passe,apassefi@umich.edu,Male,139.160.93.248
660,Katrina,Lansly,klanslyfj@merriam-webster.com,Female,214.63.47.155
661,Carolus,Synder,csynderfk@php.net,Male,218.199.22.85
662,Huntlee,Warnock,hwarnockfl@amazon.co.uk,Male,174.26.10.133
663,Lawry,Kime,lkimefm@cargocollective.com,Male,246.203.107.121
664,Ynez,MacKaig,ymackaigfn@aol.com,Female,110.91.57.207
665,Constantine,Duffield,cduffieldfo@google.co.jp,Genderqueer,64.224.11.150
666,Guy,Andersson,ganderssonfp@instagram.com,Male,142.68.56.137
667,Lenette,Deverose,ldeverosefq@ask.com,Female,157.86.207.207
668,Fonz,Sitch,fsitchfr@gizmodo.com,Male,210.53.84.130
669,Burr,Kinnett,bkinnettfs@tuttocitta.it,Agender,194.212.94.85
670,Fabe,Ivankin,fivankinft@nbcnews.com,Male,76.251.71.127
671,Heinrick,Denisyev,hdenisyevfu@webmd.com,Male,52.232.38.41
672,Olga,Liddon,oliddonfv@irs.gov,Female,200.162.70.136
673,Carie,Brigstock,cbrigstockfw@cbslocal.com,Female,225.129.199.103
674,Elissa,Perillo,eperillofx@myspace.com,Female,13.219.25.84
675,Algernon,Caccavari,acaccavarify@quantcast.com,Male,97.38.227.121
676,Rasia,Love,rlovefz@mashable.com,Non-binary,151.229.211.86
677,Tabby,Habercham,thaberchamg0@businesswire.com,Male,32.240.114.183
678,Hamid,Shelford,hshelfordg1@freewebs.com,Male,169.52.117.133
679,Doroteya,Rivalland,drivallandg2@dagondesign.com,Female,112.248.5.163
680,Lloyd,Cormode,lcormodeg3@themeforest.net,Male,245.231.210.2
681,Abrahan,Mordey,amordeyg4@princeton.edu,Male,175.247.142.58
682,Tan,Roos,troosg5@comcast.net,Male,68.35.253.21
683,Lesly,Edgson,ledgsong6@google.com.hk,Female,148.233.190.210
684,Tonnie,Shoemark,tshoemarkg7@goo.ne.jp,Male,187.167.186.56
685,Kennett,Luke,klukeg8@uol.com.br,Male,5.184.214.186
686,Ardella,McEvay,amcevayg9@toplist.cz,Female,156.73.247.156
687,Regan,Vasenkov,rvasenkovga@dot.gov,Male,136.140.4.90
688,Jud,Littleton,jlittletongb@upenn.edu,Polygender,59.160.117.194
689,Buiron,Patmore,bpatmoregc@amazonaws.com,Male,116.104.208.29
690,Hew,Moloney,hmoloneygd@linkedin.com,Male,243.1.136.22
691,Filippo,Ponter,fponterge@blogspot.com,Male,114.3.87.100
692,Jack,Kilfoyle,jkilfoylegf@facebook.com,Male,118.155.12.97
693,Avery,Graybeal,agraybealgg@webeden.co.uk,Male,158.53.92.215
694,Dorthy,Scarlin,dscarlingh@wix.com,Female,40.179.181.110
695,Georgetta,Poschel,gposchelgi@blogs.com,Female,178.113.12.30
696,Bobette,Shorrock,bshorrockgj@github.io,Female,248.119.59.240
697,Ingrim,Jancic,ijancicgk@japanpost.jp,Male,80.129.69.61
698,Morgen,Leaver,mleavergl@elegantthemes.com,Male,5.59.39.6
699,Izak,Mardell,imardellgm@edublogs.org,Male,170.157.224.144
700,Delmar,Dossantos,ddossantosgn@hp.com,Male,22.121.148.169
701,Lev,Coch,lcochgo@bloomberg.com,Male,82.36.27.76
702,Silvanus,Jaze,sjazegp@wunderground.com,Male,46.104.40.219
703,Jeffie,Pacey,jpaceygq@google.de,Male,15.107.252.63
704,Brew,Fidele,bfidelegr@harvard.edu,Male,48.138.71.73
705,Randolph,Tavener,rtavenergs@salon.com,Male,13.143.230.5
706,Huberto,Bracknell,hbracknellgt@sfgate.com,Bigender,190.175.208.70
707,Dom,Duffrie,dduffriegu@e-recht24.de,Male,237.102.163.226
708,Petey,Mingardo,pmingardogv@forbes.com,Male,178.138.216.26
709,Kenon,Abbiss,kabbissgw@alexa.com,Male,160.91.12.197
710,Marget,Coke,mcokegx@123-reg.co.uk,Female,187.171.107.28
711,Gerladina,Woolaghan,gwoolaghangy@sina.com.cn,Female,155.65.47.243
712,Weider,Ellicock,wellicockgz@ucoz.com,Male,248.210.18.151
713,Jillayne,Kalaher,jkalaherh0@whitehouse.gov,Female,13.125.131.111
714,Lorna,Mould,lmouldh1@paypal.com,Female,242.133.56.129
715,Rania,MacLleese,rmaclleeseh2@desdev.cn,Female,58.166.186.177
716,Kale,Poizer,kpoizerh3@wiley.com,Male,159.120.139.10
717,Mag,Clapham,mclaphamh4@nbcnews.com,Female,32.202.16.11
718,Ralph,Pattie,rpattieh5@google.com.au,Male,194.243.249.149
719,Myrtia,McCutheon,mmccutheonh6@cdc.gov,Female,186.59.237.187
720,Lemuel,Really,lreallyh7@sciencedaily.com,Male,189.196.165.103
721,Shellie,Baudesson,sbaudessonh8@newyorker.com,Female,219.81.199.4
722,Germayne,Maguire,gmaguireh9@businessweek.com,Male,127.163.44.114
723,Rey,Muskett,rmuskettha@uol.com.br,Female,204.117.140.236
724,Hedwiga,Gaskarth,hgaskarthhb@odnoklassniki.ru,Female,203.176.81.225
725,Andrew,Loyns,aloynshc@tripadvisor.com,Male,107.185.16.44
726,Charlotta,Peatheyjohns,cpeatheyjohnshd@opera.com,Female,203.179.8.31
727,Thekla,Daskiewicz,tdaskiewiczhe@feedburner.com,Female,174.153.5.226
728,Franzen,Alday,faldayhf@cam.ac.uk,Male,236.122.172.164
729,Ches,Claus,cclaushg@behance.net,Male,43.46.78.37
730,Shurwood,Varlow,svarlowhh@independent.co.uk,Male,14.51.108.99
731,Amitie,Ansley,aansleyhi@acquirethisname.com,Female,63.119.210.144
732,Darrick,Haselup,dhaseluphj@trellian.com,Male,82.226.206.0
733,Patience,Balsellie,pbalselliehk@godaddy.com,Female,11.207.16.56
734,Weylin,Espinet,wespinethl@opera.com,Male,151.26.122.134
735,Mirelle,Caulcott,mcaulcotthm@de.vu,Female,98.199.68.15
736,Andonis,Pudney,apudneyhn@prnewswire.com,Male,192.210.223.53
737,Hailee,Salomon,hsalomonho@vimeo.com,Female,178.182.182.1
738,Adolphus,Darell,adarellhp@squidoo.com,Male,190.187.154.146
739,Orv,Bettridge,obettridgehq@time.com,Male,61.103.98.29
740,Vick,Orum,vorumhr@cbsnews.com,Male,85.215.115.48
741,Caressa,Inkster,cinksterhs@oaic.gov.au,Female,142.155.67.21
742,Marylee,Quickfall,mquickfallht@google.com.hk,Polygender,138.152.77.44
743,Garreth,Richardsson,grichardssonhu@ibm.com,Male,63.238.72.45
744,Hally,Mewton,hmewtonhv@shutterfly.com,Female,249.132.200.193
745,Gretta,Thorrold,gthorroldhw@usgs.gov,Female,76.175.131.223
746,Felike,Crosbie,fcrosbiehx@simplemachines.org,Male,45.246.156.233
747,Libbey,Sabatini,lsabatinihy@mapquest.com,Female,71.77.196.14
748,Brnaby,Tupie,btupiehz@plala.or.jp,Male,240.224.230.43
749,Melessa,Livings,mlivingsi0@nbcnews.com,Female,46.62.224.45
750,Francesco,Fronsek,ffronseki1@github.com,Male,122.22.129.76
751,Alyce,Charlin,acharlini2@google.nl,Female,197.100.60.161
752,Hal,Busch,hbuschi3@printfriendly.com,Male,17.61.201.149
753,Koralle,Parades,kparadesi4@un.org,Female,67.213.242.70
754,Ingeborg,Elger,ielgeri5@skyrock.com,Female,128.163.170.220
755,Morton,Henker,mhenkeri6@who.int,Male,19.42.179.184
756,Ryley,Ronald,rronaldi7@mayoclinic.com,Male,145.3.90.85
757,Gabriell,Golledge,ggolledgei8@discovery.com,Genderqueer,177.149.136.252
758,Ruthi,Kernar,rkernari9@over-blog.com,Female,37.245.250.158
759,Cinda,Hudless,chudlessia@1688.com,Female,188.25.253.119
760,Monique,Abramsky,mabramskyib@xing.com,Female,225.177.100.175
761,Willabella,Dowker,wdowkeric@latimes.com,Female,45.181.17.112
762,Trumann,Haughey,thaugheyid@bandcamp.com,Male,127.241.64.25
763,Torrin,Cubbit,tcubbitie@hibu.com,Male,223.126.52.166
764,Earle,Lowmass,elowmassif@omniture.com,Male,38.182.174.207
765,Frayda,Legate,flegateig@w3.org,Female,227.130.225.16
766,Krystyna,Challener,kchallenerih@scientificamerican.com,Female,23.168.20.147
767,Evan,Valde,evaldeii@github.com,Male,88.99.100.49
768,Marve,Ellse,mellseij@reverbnation.com,Male,85.244.216.67
769,Daria,Duiged,dduigedik@spiegel.de,Female,114.108.31.238
770,Mead,Pidgin,mpidginil@surveymonkey.com,Male,228.245.152.83
771,Zahara,Donizeau,zdonizeauim@wisc.edu,Female,35.127.104.205
772,Dore,Beaze,dbeazein@furl.net,Male,13.117.15.150
773,Ruby,Dikelin,rdikelinio@xinhuanet.com,Male,46.212.207.151
774,Sonny,Murrell,smurrellip@phpbb.com,Female,194.5.255.197
775,Carmen,Cockman,ccockmaniq@bbb.org,Female,136.57.83.11
776,Elspeth,Wherrett,ewherrettir@intel.com,Female,160.68.155.187
777,Nollie,Fidelus,nfidelusis@webmd.com,Male,0.132.246.150
778,Freida,Slide,fslideit@live.com,Genderqueer,14.138.50.235
779,Blair,Woodburn,bwoodburniu@tuttocitta.it,Male,79.199.7.97
780,Avis,Beushaw,abeushawiv@dailymail.co.uk,Female,206.62.204.211
781,Belvia,Bruhnke,bbruhnkeiw@bravesites.com,Female,43.100.24.141
782,Trenna,Morant,tmorantix@4shared.com,Female,222.94.57.67
783,Rivalee,Blancowe,rblancoweiy@ovh.net,Female,196.119.42.161
784,Ardelis,Margram,amargramiz@issuu.com,Female,239.56.133.141
785,Kalina,Flemming,kflemmingj0@gov.uk,Female,215.101.71.41
786,Karlene,Beak,kbeakj1@economist.com,Genderqueer,41.19.222.146
787,Rori,Deakan,rdeakanj2@amazon.de,Female,81.17.162.33
788,Tallie,Makey,tmakeyj3@hatena.ne.jp,Male,104.127.110.193
789,Sheilah,Merchant,smerchantj4@arstechnica.com,Female,36.157.148.22
790,Anissa,Addeycott,aaddeycottj5@nymag.com,Female,177.90.143.57
791,Maridel,Arrighini,marrighinij6@gnu.org,Polygender,220.234.164.127
792,Leoine,Stickel,lstickelj7@loc.gov,Female,2.8.75.206
793,Andrew,Really,areallyj8@geocities.com,Male,23.84.52.229
794,Lauretta,Darte,ldartej9@jigsy.com,Female,164.224.225.166
795,Jefferson,Boundy,jboundyja@answers.com,Genderqueer,98.13.6.25
796,Raynard,Hakey,rhakeyjb@disqus.com,Male,105.234.129.19
797,Trisha,Godber,tgodberjc@china.com.cn,Female,141.156.15.66
798,Dominik,Pymm,dpymmjd@nymag.com,Male,107.0.66.172
799,Olenka,McKeachie,omckeachieje@ucla.edu,Female,175.78.125.185
800,Edsel,Leathe,eleathejf@tripadvisor.com,Male,111.82.145.77
801,Jeannette,Rulten,jrultenjg@newyorker.com,Female,136.81.239.254
802,Sonja,Esmonde,sesmondejh@youtu.be,Female,69.150.154.80
803,Viki,Bagnold,vbagnoldji@cbc.ca,Female,30.115.43.20
804,Kevon,Longthorne,klongthornejj@house.gov,Male,45.92.63.95
805,Herold,Ogborne,hogbornejk@timesonline.co.uk,Male,175.253.221.224
806,Philbert,Lowcock,plowcockjl@time.com,Male,187.46.38.117
807,Hy,Witherby,hwitherbyjm@wsj.com,Male,46.196.87.141
808,Celisse,Agostini,cagostinijn@flavors.me,Agender,76.230.87.160
809,Aleece,Anelay,aanelayjo@t.co,Agender,100.207.35.103
810,Win,Killshaw,wkillshawjp@about.me,Male,93.21.98.0
811,Arvie,Causby,acausbyjq@webs.com,Male,174.199.208.124
812,Roley,McPartlin,rmcpartlinjr@discovery.com,Male,154.230.48.3
813,Evie,Barkus,ebarkusjs@discuz.net,Female,251.58.49.126
814,Coraline,Punter,cpunterjt@indiatimes.com,Female,155.91.11.190
815,Katleen,Swadling,kswadlingju@howstuffworks.com,Female,229.43.249.150
816,Fonzie,Wallwood,fwallwoodjv@census.gov,Male,122.74.216.174
817,Chad,Baldrick,cbaldrickjw@kickstarter.com,Agender,70.238.20.231
818,Woodie,Collyer,wcollyerjx@webnode.com,Male,165.117.112.1
819,Lynnelle,Paprotny,lpaprotnyjy@pcworld.com,Female,92.133.60.251
820,Chas,Bizzey,cbizzeyjz@nbcnews.com,Male,33.102.22.199
821,Thedrick,Coucher,tcoucherk0@berkeley.edu,Male,237.247.238.95
822,Angie,Eacle,aeaclek1@tiny.cc,Bigender,19.12.175.247
823,Floria,Feveryear,ffeveryeark2@tumblr.com,Agender,100.167.191.144
824,Jamie,Lorie,jloriek3@amazonaws.com,Male,238.4.206.187
825,Tobi,Slym,tslymk4@myspace.com,Female,39.38.180.122
826,Ezechiel,Pamphilon,epamphilonk5@furl.net,Male,148.77.70.104
827,Norine,Fredy,nfredyk6@jugem.jp,Female,38.111.166.127
828,Colette,Glyn,cglynk7@google.ca,Female,11.191.211.26
829,Nye,Handrok,nhandrokk8@phoca.cz,Male,165.238.137.114
830,Dora,Byron,dbyronk9@utexas.edu,Female,86.247.90.199
831,Lorilee,Danet,ldanetka@stanford.edu,Female,150.247.126.196
832,Kylila,Cariss,kcarisskb@tuttocitta.it,Polygender,3.110.109.135
833,Tan,MacCarrane,tmaccarranekc@cnbc.com,Male,135.109.213.186
834,Consalve,Foxley,cfoxleykd@scribd.com,Male,82.202.207.13
835,Dolley,Gwinnell,dgwinnellke@dailymail.co.uk,Female,152.82.28.220
836,Siouxie,Camosso,scamossokf@arstechnica.com,Female,88.88.239.10
837,Abdul,Merle,amerlekg@skyrock.com,Male,189.87.106.78
838,Andi,Mattiato,amattiatokh@sciencedirect.com,Female,17.250.215.184
839,Hyacinth,Suller,hsullerki@phpbb.com,Female,207.181.191.57
840,Foster,Yarrell,fyarrellkj@sciencedirect.com,Male,40.237.126.215
841,Cherlyn,Pidduck,cpidduckkk@mit.edu,Female,11.230.167.193
842,Samuele,Dannel,sdannelkl@yellowpages.com,Male,35.63.86.18
843,Jackqueline,Shoveller,jshovellerkm@auda.org.au,Female,36.198.53.239
844,Ximenes,Rittelmeyer,xrittelmeyerkn@about.me,Male,255.125.16.75
845,Beale,Dubique,bdubiqueko@soundcloud.com,Male,250.41.241.205
846,Katharina,Wilkowski,kwilkowskikp@umich.edu,Female,142.82.163.133
847,Nickola,MacTrusty,nmactrustykq@odnoklassniki.ru,Male,97.52.208.84
848,Hugues,Bartolomeo,hbartolomeokr@princeton.edu,Male,202.34.100.36
849,Herta,Finessy,hfinessyks@cbc.ca,Female,84.122.108.77
850,Orelee,Lambal,olambalkt@hibu.com,Female,78.60.130.206
851,Ernestine,Balstone,ebalstoneku@nba.com,Female,107.246.74.78
852,Jewell,Diplock,jdiplockkv@comcast.net,Female,243.66.248.202
853,Luca,Fossitt,lfossittkw@quantcast.com,Male,60.70.119.198
854,Cornelia,Stutt,cstuttkx@biblegateway.com,Agender,60.83.220.183
855,Jermayne,Toombs,jtoombsky@com.com,Male,119.168.211.231
856,Collie,Dalston,cdalstonkz@nasa.gov,Female,236.119.195.201
857,Yehudit,Niesing,yniesingl0@dot.gov,Male,155.39.204.14
858,Kathryne,Bricksey,kbrickseyl1@sakura.ne.jp,Female,144.34.44.16
859,Danielle,Konertz,dkonertzl2@studiopress.com,Female,61.165.180.42
860,Leelah,Gatehouse,lgatehousel3@umn.edu,Female,52.139.219.251
861,Bartholomeo,Harms,bharmsl4@buzzfeed.com,Male,132.111.15.100
862,Farlie,Attride,fattridel5@wordpress.com,Male,31.250.33.58
863,Cyril,Shead,csheadl6@imageshack.us,Male,207.22.102.39
864,Wiley,Wollen,wwollenl7@ow.ly,Bigender,21.109.75.128
865,Ebba,Broke,ebrokel8@virginia.edu,Female,193.39.85.22
866,Mignonne,Jentzsch,mjentzschl9@smh.com.au,Female,246.109.211.184
867,Onofredo,Palmar,opalmarla@amazon.co.jp,Male,26.20.176.51
868,Lou,Ipwell,lipwelllb@abc.net.au,Male,33.106.228.6
869,Danit,Brun,dbrunlc@jugem.jp,Female,32.62.88.220
870,Donica,Quaintance,dquaintanceld@sciencedirect.com,Female,48.124.162.85
871,Way,Nerne,wnernele@tamu.edu,Male,203.247.135.86
872,Jim,Cuddehy,jcuddehylf@ow.ly,Male,36.160.124.235
873,Elsi,Fibbens,efibbenslg@parallels.com,Female,15.15.161.95
874,Ilse,Jorn,ijornlh@tripod.com,Female,199.155.137.136
875,Belva,Baynton,bbayntonli@godaddy.com,Female,63.99.196.12
876,Paquito,Turone,pturonelj@businessinsider.com,Male,43.130.185.178
877,Jeffy,Bolf,jbolflk@ucoz.com,Male,126.183.6.124
878,Gideon,Brownill,gbrownillll@paypal.com,Male,155.162.85.106
879,Dore,Sharland,dsharlandlm@aol.com,Female,253.210.159.127
880,Binnie,Conew,bconewln@pagesperso-orange.fr,Female,46.125.126.4
881,Winslow,Pentercost,wpentercostlo@bluehost.com,Male,236.77.207.92
882,Lorine,Venard,lvenardlp@wikia.com,Female,172.228.30.192
883,Alys,Nichol,anichollq@bigcartel.com,Female,182.81.191.69
884,Denney,Ramlot,dramlotlr@delicious.com,Male,194.73.191.238
885,Falkner,Lyptrit,flyptritls@yellowbook.com,Male,9.49.208.114
886,Dulcia,Jaspar,djasparlt@cmu.edu,Female,163.240.49.121
887,Hugh,Jenno,hjennolu@bloomberg.com,Male,111.175.61.132
888,Boot,Fitzjohn,bfitzjohnlv@angelfire.com,Male,112.66.203.20
889,Shoshanna,Paulton,spaultonlw@sakura.ne.jp,Female,1.105.106.135
890,Judy,Sturror,jsturrorlx@jimdo.com,Agender,15.62.252.255
891,Aurea,Dybell,adybellly@jugem.jp,Female,183.51.218.22
892,Aldo,Meconi,ameconilz@sbwire.com,Male,61.209.229.241
893,Kingston,Caplis,kcaplism0@desdev.cn,Male,238.159.85.220
894,Fayina,Giacovelli,fgiacovellim1@accuweather.com,Female,43.172.103.203
895,Nester,Melin,nmelinm2@facebook.com,Male,149.233.204.86
896,Rachelle,Ivanchikov,rivanchikovm3@fastcompany.com,Female,248.186.21.200
897,Jillene,Greenin,jgreeninm4@parallels.com,Female,14.247.128.76
898,Lenci,Feye,lfeyem5@businesswire.com,Male,40.5.62.171
899,Nichols,Brittain,nbrittainm6@dell.com,Male,179.103.204.159
900,Towney,Cheevers,tcheeversm7@pcworld.com,Male,99.179.229.67
901,Tatiana,Jakab,tjakabm8@drupal.org,Female,82.15.110.83
902,Serene,Gribbins,sgribbinsm9@friendfeed.com,Female,240.13.167.7
903,Vanny,Rignoldes,vrignoldesma@t-online.de,Female,18.235.142.124
904,Melloney,Enriques,menriquesmb@indiatimes.com,Female,19.211.12.172
905,Salvador,Capenor,scapenormc@technorati.com,Male,52.189.166.77
906,Ellie,Brimner,ebrimnermd@list-manage.com,Bigender,107.127.105.168
907,Briana,Shaylor,bshaylorme@technorati.com,Female,159.100.134.3
908,Shirlene,Potzold,spotzoldmf@usgs.gov,Female,199.240.22.58
909,Mara,Calender,mcalendermg@prlog.org,Female,205.185.237.14
910,Fredelia,Minards,fminardsmh@blogtalkradio.com,Female,115.222.4.163
911,Kelci,Datte,kdattemi@patch.com,Female,58.100.165.64
912,Virgilio,Schaffel,vschaffelmj@chron.com,Male,241.71.88.37
913,Hunter,Brice,hbricemk@yahoo.co.jp,Male,25.95.179.22
914,Danyelle,Hazard,dhazardml@mayoclinic.com,Female,2.30.26.110
915,Serena,Frediani,sfredianimm@friendfeed.com,Female,175.130.240.39
916,Pryce,Pullman,ppullmanmn@ihg.com,Male,23.69.162.155
917,Dorry,Askin,daskinmo@cdbaby.com,Female,78.223.62.220
918,Bev,Alcalde,balcaldemp@adobe.com,Polygender,138.144.244.242
919,Athena,Give,agivemq@surveymonkey.com,Female,39.126.225.77
920,Hymie,Michelotti,hmichelottimr@hibu.com,Male,133.195.224.242
921,Corey,Boland,cbolandms@dailymotion.com,Female,58.248.64.218
922,Nickolas,Dryburgh,ndryburghmt@princeton.edu,Male,159.97.89.182
923,Randa,Boscott,rboscottmu@yolasite.com,Female,15.57.191.226
924,Constantina,Rastrick,crastrickmv@51.la,Female,24.186.45.61
925,Kristin,Gerardet,kgerardetmw@virginia.edu,Female,181.61.200.160
926,Benjamen,Plenty,bplentymx@japanpost.jp,Male,62.72.185.188
927,Vaughn,Byneth,vbynethmy@phpbb.com,Male,82.78.177.236
928,Annmarie,Matt,amattmz@amazon.co.jp,Female,52.64.106.69
929,Minnaminnie,Musgrave,mmusgraven0@deliciousdays.com,Female,232.57.50.118
930,Ema,Lorincz,elorinczn1@dell.com,Female,136.55.124.54
931,Xever,Sandeson,xsandesonn2@ow.ly,Male,121.126.247.110
932,Frances,Brewood,fbrewoodn3@reverbnation.com,Female,166.188.64.157
933,Wolfgang,Pirson,wpirsonn4@drupal.org,Male,146.87.94.21
934,Chuck,Jelly,cjellyn5@cocolog-nifty.com,Male,147.195.125.181
935,Merl,Hulance,mhulancen6@jalbum.net,Female,88.128.92.77
936,Winslow,Butchard,wbutchardn7@cloudflare.com,Male,14.171.104.163
937,Reilly,Camelin,rcamelinn8@ustream.tv,Male,23.114.200.21
938,Cal,Bausor,cbausorn9@youtu.be,Male,170.228.135.160
939,Tierney,Feathersby,tfeathersbyna@time.com,Female,240.141.241.223
940,Marla,Conerding,mconerdingnb@baidu.com,Female,184.52.73.0
941,Maryanne,Yaldren,myaldrennc@sciencedirect.com,Female,249.52.150.16
942,Iggie,Summerly,isummerlynd@xinhuanet.com,Polygender,125.106.80.81
943,Berne,Gronaver,bgronaverne@imgur.com,Male,113.159.9.103
944,Antin,Leadston,aleadstonnf@stumbleupon.com,Male,38.31.181.97
945,Pat,Brislan,pbrislanng@java.com,Male,35.185.40.156
946,Cordy,Bishell,cbishellnh@bizjournals.com,Male,122.136.247.153
947,Clevey,Prandoni,cprandonini@cafepress.com,Male,58.108.161.56
948,Parker,Suttell,psuttellnj@live.com,Male,233.181.12.230
949,Zelma,Balch,zbalchnk@g.co,Female,235.212.140.191
950,Justen,Dalgliesh,jdalglieshnl@nydailynews.com,Male,51.225.111.211
951,Chane,Taylder,ctayldernm@usa.gov,Male,58.195.192.119
952,Verge,Cleall,vcleallnn@bluehost.com,Male,75.193.218.9
953,Nana,Gracewood,ngracewoodno@comsenz.com,Female,32.207.1.56
954,Glenine,Milliken,gmillikennp@posterous.com,Female,179.85.78.143
955,Judy,Szepe,jszepenq@ocn.ne.jp,Female,20.79.246.179
956,Alma,Tschiersch,atschierschnr@ft.com,Female,124.218.54.125
957,Smitty,Vernazza,svernazzans@phpbb.com,Male,113.163.54.245
958,Maisey,Chavez,mchaveznt@weibo.com,Female,110.154.212.107
959,Robinett,Bowller,rbowllernu@newsvine.com,Female,213.8.61.21
960,Ruddy,Cogman,rcogmannv@fc2.com,Male,121.95.219.187
961,Chloe,Oddy,coddynw@soundcloud.com,Female,117.251.167.25
962,Zaneta,Dancer,zdancernx@weibo.com,Female,101.188.142.93
963,Cassi,Jeenes,cjeenesny@usda.gov,Female,252.47.103.54
964,Marianna,Laugherane,mlaugheranenz@wp.com,Female,166.35.193.137
965,Ariela,Dignam,adignamo0@homestead.com,Female,36.209.80.3
966,Quincey,Glencrosche,qglencroscheo1@surveymonkey.com,Male,198.238.148.57
967,Halli,Kubal,hkubalo2@dmoz.org,Female,77.178.187.223
968,Leigha,Steuhlmeyer,lsteuhlmeyero3@tamu.edu,Female,17.226.242.176
969,Clayborne,Verrier,cverriero4@msn.com,Male,78.35.57.72
970,Verile,Yellop,vyellopo5@wikia.com,Female,4.91.239.217
971,Dorie,Giffen,dgiffeno6@t.co,Female,209.54.239.248
972,Eada,Brizland,ebrizlando7@sfgate.com,Female,180.106.82.77
973,Goldy,Barnett,gbarnetto8@vinaora.com,Female,171.142.46.158
974,Helene,MacShirie,hmacshirieo9@aol.com,Female,37.188.39.42
975,Nestor,Gange,ngangeoa@examiner.com,Male,152.145.2.129
976,Xylina,Duval,xduvalob@hostgator.com,Female,108.20.219.117
977,Vannie,Achromov,vachromovoc@privacy.gov.au,Female,255.168.103.71
978,Constancia,Novotne,cnovotneod@statcounter.com,Female,158.133.205.146
979,Anne-corinne,Riche,aricheoe@mapy.cz,Female,32.228.255.0
980,Melisenda,Crop,mcropof@tumblr.com,Female,110.243.68.7
981,Bunnie,Craigmyle,bcraigmyleog@ocn.ne.jp,Female,24.105.158.44
982,Clayborne,Gooms,cgoomsoh@woothemes.com,Male,157.255.223.9
983,Rafaello,Hatherell,rhatherelloi@irs.gov,Male,188.45.161.144
984,Rafe,Fossitt,rfossittoj@spiegel.de,Male,67.226.209.142
985,Bernhard,Titcumb,btitcumbok@nytimes.com,Male,115.70.171.80
986,Alyosha,Shinn,ashinnol@nhs.uk,Male,10.21.80.15
987,Jedediah,Coushe,jcousheom@dropbox.com,Male,39.242.213.15
988,Casi,Beange,cbeangeon@howstuffworks.com,Female,11.241.232.71
989,Finlay,Uc,fucoo@shutterfly.com,Male,165.145.189.111
990,Jeanna,Shelliday,jshellidayop@spiegel.de,Female,172.176.48.65
991,Kellen,Vobes,kvobesoq@home.pl,Male,52.179.149.148
992,Sarita,Dur,sduror@soundcloud.com,Female,223.119.154.80
993,Pincas,Cliff,pcliffos@imgur.com,Male,224.152.135.213
994,Brose,Ringwood,bringwoodot@timesonline.co.uk,Male,50.27.121.110
995,Rey,Iacovini,riacoviniou@ning.com,Female,179.86.189.131
996,Neala,Eldered,nelderedov@mac.com,Female,8.103.203.255
997,Glennis,Lorrain,glorrainow@spotify.com,Female,128.227.185.114
998,Berthe,Domeney,bdomeneyox@163.com,Female,8.214.23.147
999,Murdock,Treffrey,mtreffreyoy@altervista.org,Male,55.140.62.241
1000,Nesta,Straine,nstraineoz@reverbnation.com,Female,48.147.42.44
1001,Gus,Matz,gmatzp0@arizona.edu,Female,133.196.115.237
1002,Caryl,McWhinnie,cmcwhinniep1@unc.edu,Male,40.176.229.252
1003,Jon,Drohan,jdrohanp2@ask.com,Male,75.219.77.30
1004,Antone,Markwell,amarkwellp3@ezinearticles.com,Male,183.150.36.218
1005,Dew,Barense,dbarensep4@sfgate.com,Male,166.219.247.42
1006,Hodge,Dumbelton,hdumbeltonp5@cloudflare.com,Male,130.92.12.25
1007,Vaughn,Bossel,vbosselp6@people.com.cn,Male,117.55.26.4
1008,Noreen,Jerome,njeromep7@discuz.net,Female,96.59.185.46
1009,Smith,Geekin,sgeekinp8@dedecms.com,Male,171.93.88.179
1010,Galvin,Coners,gconersp9@mtv.com,Male,214.100.29.144
1011,Charyl,Izachik,cizachikpa@thetimes.co.uk,Female,48.107.2.52
1012,Lindsey,Thirkettle,lthirkettlepb@google.co.uk,Male,188.236.11.141
1013,Monique,Schult,mschultpc@mac.com,Female,226.40.57.170
1014,Rinaldo,Ridsdale,rridsdalepd@go.com,Male,70.49.36.201
1015,Candra,Faithfull,cfaithfullpe@blog.com,Non-binary,227.1.182.133
1016,Wyatan,Cranney,wcranneypf@google.co.uk,Male,65.44.254.84
1017,Roman,Lankham,rlankhampg@jiathis.com,Male,168.227.187.108
1018,Genny,McClinton,gmcclintonph@4shared.com,Female,145.90.68.231
1019,Guy,Rosterne,grosternepi@illinois.edu,Male,222.210.109.86
1020,Kanya,Choudhury,kchoudhurypj@google.cn,Female,62.23.15.172
1021,Rufus,Trosdall,rtrosdallpk@goo.gl,Male,225.159.193.223
1022,Steffen,Lyptrade,slyptradepl@blogger.com,Male,151.29.10.224
1023,Tobye,Hearnes,thearnespm@desdev.cn,Female,48.91.229.189
1024,Yankee,Kennerknecht,ykennerknechtpn@cdc.gov,Male,231.243.63.77
1025,Margie,Freiberg,mfreibergpo@sina.com.cn,Female,253.221.211.8
1026,Kordula,Philipard,kphilipardpp@squarespace.com,Female,154.241.252.113
1027,Kerwinn,Tibald,ktibaldpq@tinypic.com,Male,173.174.118.50
1028,Dusty,Jahndel,djahndelpr@engadget.com,Female,166.84.211.178
1029,Kerk,McMorland,kmcmorlandps@examiner.com,Male,153.172.117.161
1030,Valdemar,Woollin,vwoollinpt@123-reg.co.uk,Male,49.241.152.103
1031,Deina,Gerrietz,dgerrietzpu@drupal.org,Female,24.63.104.108
1032,Carry,Gaskamp,cgaskamppv@shop-pro.jp,Female,204.27.244.103
1033,Retha,Sloat,rsloatpw@cisco.com,Female,216.192.204.162
1034,Tomaso,Cribbott,tcribbottpx@army.mil,Male,95.226.97.83
1035,Gery,Climson,gclimsonpy@state.gov,Male,213.155.160.152
1036,Gan,Khristoforov,gkhristoforovpz@wikipedia.org,Male,194.103.29.223
1037,Aurelea,Goymer,agoymerq0@cbsnews.com,Female,177.72.249.148
1038,Ellette,Snailham,esnailhamq1@xrea.com,Female,32.183.102.10
1039,Reuben,Bonnier,rbonnierq2@apple.com,Male,25.147.63.42
1040,Shae,McAlarney,smcalarneyq3@lulu.com,Female,182.57.202.236
1041,Shurlocke,Monger,smongerq4@cargocollective.com,Male,74.91.53.169
1042,Brigham,Bushaway,bbushawayq5@weebly.com,Male,81.80.217.197
1043,Zsa zsa,Wishkar,zwishkarq6@npr.org,Female,42.1.145.127
1044,Starr,Radolf,sradolfq7@icio.us,Female,183.129.154.12
1045,Marje,Do Rosario,mdorosarioq8@paginegialle.it,Female,61.126.203.213
1046,Floris,Presshaugh,fpresshaughq9@census.gov,Female,198.243.146.142
1047,Katerina,Verna,kvernaqa@flavors.me,Female,149.215.164.169
1048,Ailbert,Ginsie,aginsieqb@un.org,Male,87.230.56.222
1049,Zedekiah,Servis,zservisqc@webnode.com,Male,195.124.119.10
1050,Johnny,Ovington,jovingtonqd@hatena.ne.jp,Male,37.181.206.62
1051,Kirsteni,Williams,kwilliamsqe@phoca.cz,Female,173.45.100.71
1052,Kimball,Borgnet,kborgnetqf@cbc.ca,Male,46.152.255.83
1053,Cal,McAuslan,cmcauslanqg@sbwire.com,Female,232.218.205.128
1054,Ludvig,Tenniswood,ltenniswoodqh@time.com,Male,49.211.104.15
1055,Lelia,Scala,lscalaqi@homestead.com,Female,195.48.96.195
1056,Mab,Rozalski,mrozalskiqj@ucsd.edu,Female,95.227.248.150
1057,Kristoforo,Oleksinski,koleksinskiqk@odnoklassniki.ru,Male,122.52.132.199
1058,Hattie,Paslow,hpaslowql@narod.ru,Genderfluid,197.176.80.117
1059,Aleda,Vella,avellaqm@360.cn,Female,202.139.109.142
1060,Gabi,Bingle,gbingleqn@mapy.cz,Female,238.75.110.22
1061,Lexine,Buckhurst,lbuckhurstqo@discovery.com,Female,94.111.209.76
1062,Bevvy,Rawcliffe,brawcliffeqp@rambler.ru,Female,205.90.237.235
1063,Orelia,Mingasson,omingassonqq@sohu.com,Female,197.22.114.251
1064,Honoria,Manklow,hmanklowqr@hibu.com,Female,246.184.20.203
1065,Malva,Strick,mstrickqs@bing.com,Female,56.40.97.246
1066,Muriel,Pere,mpereqt@storify.com,Agender,178.188.230.242
1067,Bent,O'Flynn,boflynnqu@mashable.com,Male,95.202.220.66
1068,Graehme,Jurries,gjurriesqv@adobe.com,Male,192.235.233.146
1069,Dorie,Mottershead,dmottersheadqw@spotify.com,Agender,254.218.18.7
1070,Skipp,Musson,smussonqx@i2i.jp,Male,165.159.39.244
1071,Cecilio,Rowles,crowlesqy@pen.io,Male,188.74.131.68
1072,Archibold,Blazejewski,ablazejewskiqz@wsj.com,Male,10.219.49.7
1073,Linet,Dyers,ldyersr0@wufoo.com,Female,116.104.82.1
1074,Rikki,Ambresin,rambresinr1@go.com,Male,180.71.186.132
1075,Baudoin,Tremonte,btremonter2@addthis.com,Male,157.88.78.223
1076,Jefferson,Deller,jdellerr3@reuters.com,Male,94.231.248.200
1077,Bill,Sissot,bsissotr4@joomla.org,Female,222.95.7.186
1078,Igor,Breckin,ibreckinr5@cnet.com,Male,174.26.197.121
1079,Desiree,Vedyashkin,dvedyashkinr6@google.es,Female,134.207.243.211
1080,Aurea,Alexandrou,aalexandrour7@tumblr.com,Female,171.131.11.14
1081,Saloma,Bramer,sbramerr8@archive.org,Female,16.14.194.155
1082,Vivyan,Foard,vfoardr9@goo.gl,Female,105.239.68.17
1083,Doria,Ord,dordra@irs.gov,Female,36.213.148.60
1084,Madeline,Pepye,mpepyerb@jiathis.com,Female,88.48.96.73
1085,Monti,Littlepage,mlittlepagerc@mit.edu,Polygender,199.87.61.92
1086,Lucais,Kulis,lkulisrd@intel.com,Male,163.97.152.214
1087,Munroe,McGinn,mmcginnre@gizmodo.com,Male,176.199.181.240
1088,Cleo,Trodler,ctrodlerrf@wunderground.com,Non-binary,11.254.159.93
1089,Thatcher,Romayn,tromaynrg@wix.com,Male,199.43.243.226
1090,Charis,Nibley,cnibleyrh@rediff.com,Polygender,123.158.197.26
1091,Chan,Menlove,cmenloveri@tinypic.com,Non-binary,36.47.178.124
1092,Karylin,Brager,kbragerrj@weather.com,Female,128.135.97.230
1093,Joyce,Nester,jnesterrk@vistaprint.com,Female,40.68.120.198
1094,Conn,Keasley,ckeasleyrl@uiuc.edu,Male,163.192.15.22
1095,Penny,Botton,pbottonrm@cyberchimps.com,Male,130.9.42.134
1096,Barthel,Grigoriev,bgrigorievrn@sciencedaily.com,Genderqueer,25.170.123.34
1097,Marsha,Chittleburgh,mchittleburghro@printfriendly.com,Female,85.166.45.49
1098,Claire,Seiller,cseillerrp@apple.com,Male,244.69.33.244
1099,Dorothea,Rikel,drikelrq@phoca.cz,Female,191.33.254.236
1100,Ad,Casford,acasfordrr@toplist.cz,Male,131.239.181.23
